prefcode,prefname,citycode,cityname,address
01,北海道,01101,札幌市中央区,北海道札幌市中央区
01,北海道,01102,札幌市北区,北海道札幌市北区
01,北海道,01103,札幌市東区,北海道札幌市東区
01,北海道,01104,札幌市白石区,北海道札幌市白石区
01,北海道,01105,札幌市豊平区,北海道札幌市豊平区
01,北海道,01106,札幌市南区,北海道札幌市南区
01,北海道,01107,札幌市西区,北海道札幌市西区
01,北海道,01108,札幌市厚別区,北海道札幌市厚別区
01,北海道,01109,札幌市手稲区,北海道札幌市手稲区
01,北海道,01110,札幌市清田区,北海道札幌市清田区
01,北海道,01202,函館市,北海道函館市
01,北海道,01203,小樽市,北海道小樽市
01,北海道,01204,旭川市,北海道旭川市
01,北海道,01205,室蘭市,北海道室蘭市
01,北海道,01206,釧路市,北海道釧路市
01,北海道,01207,帯広市,北海道帯広市
01,北海道,01208,北見市,北海道北見市
01,北海道,01209,夕張市,北海道夕張市
01,北海道,01210,岩見沢市,北海道岩見沢市
01,北海道,01211,網走市,北海道網走市
01,北海道,01212,留萌市,北海道留萌市
01,北海道,01213,苫小牧市,北海道苫小牧市
01,北海道,01214,稚内市,北海道稚内市
01,北海道,01215,美唄市,北海道美唄市
01,北海道,01216,芦別市,北海道芦別市
01,北海道,01217,江別市,北海道江別市
01,北海道,01218,赤平市,北海道赤平市
01,北海道,01219,紋別市,北海道紋別市
01,北海道,01220,士別市,北海道士別市
01,北海道,01221,名寄市,北海道名寄市
01,北海道,01222,三笠市,北海道三笠市
01,北海道,01223,根室市,北海道根室市
01,北海道,01224,千歳市,北海道千歳市
01,北海道,01225,滝川市,北海道滝川市
01,北海道,01226,砂川市,北海道砂川市
01,北海道,01227,歌志内市,北海道歌志内市
01,北海道,01228,深川市,北海道深川市
01,北海道,01229,富良野市,北海道富良野市
01,北海道,01230,登別市,北海道登別市
01,北海道,01231,恵庭市,北海道恵庭市
01,北海道,01233,伊達市,北海道伊達市
01,北海道,01234,北広島市,北海道北広島市
01,北海道,01235,石狩市,北海道石狩市
01,北海道,01236,北斗市,北海道北斗市
01,北海道,01303,石狩郡当別町,北海道石狩郡当別町
01,北海道,01304,石狩郡新篠津村,北海道石狩郡新篠津村
01,北海道,01331,松前郡松前町,北海道松前郡松前町
01,北海道,01332,松前郡福島町,北海道松前郡福島町
01,北海道,01333,上磯郡知内町,北海道上磯郡知内町
01,北海道,01334,上磯郡木古内町,北海道上磯郡木古内町
01,北海道,01337,亀田郡七飯町,北海道亀田郡七飯町
01,北海道,01343,茅部郡鹿部町,北海道茅部郡鹿部町
01,北海道,01345,茅部郡森町,北海道茅部郡森町
01,北海道,01346,二海郡八雲町,北海道二海郡八雲町
01,北海道,01347,山越郡長万部町,北海道山越郡長万部町
01,北海道,01361,檜山郡江差町,北海道檜山郡江差町
01,北海道,01362,檜山郡上ノ国町,北海道檜山郡上ノ国町
01,北海道,01363,檜山郡厚沢部町,北海道檜山郡厚沢部町
01,北海道,01364,爾志郡乙部町,北海道爾志郡乙部町
01,北海道,01367,奥尻郡奥尻町,北海道奥尻郡奥尻町
01,北海道,01370,瀬棚郡今金町,北海道瀬棚郡今金町
01,北海道,01371,久遠郡せたな町,北海道久遠郡せたな町
01,北海道,01391,島牧郡島牧村,北海道島牧郡島牧村
01,北海道,01392,寿都郡寿都町,北海道寿都郡寿都町
01,北海道,01393,寿都郡黒松内町,北海道寿都郡黒松内町
01,北海道,01394,磯谷郡蘭越町,北海道磯谷郡蘭越町
01,北海道,01395,虻田郡ニセコ町,北海道虻田郡ニセコ町
01,北海道,01396,虻田郡真狩村,北海道虻田郡真狩村
01,北海道,01397,虻田郡留寿都村,北海道虻田郡留寿都村
01,北海道,01398,虻田郡喜茂別町,北海道虻田郡喜茂別町
01,北海道,01399,虻田郡京極町,北海道虻田郡京極町
01,北海道,01400,虻田郡倶知安町,北海道虻田郡倶知安町
01,北海道,01401,岩内郡共和町,北海道岩内郡共和町
01,北海道,01402,岩内郡岩内町,北海道岩内郡岩内町
01,北海道,01403,古宇郡泊村,北海道古宇郡泊村
01,北海道,01404,古宇郡神恵内村,北海道古宇郡神恵内村
01,北海道,01405,積丹郡積丹町,北海道積丹郡積丹町
01,北海道,01406,古平郡古平町,北海道古平郡古平町
01,北海道,01407,余市郡仁木町,北海道余市郡仁木町
01,北海道,01408,余市郡余市町,北海道余市郡余市町
01,北海道,01409,余市郡赤井川村,北海道余市郡赤井川村
01,北海道,01423,空知郡南幌町,北海道空知郡南幌町
01,北海道,01424,空知郡奈井江町,北海道空知郡奈井江町
01,北海道,01425,空知郡上砂川町,北海道空知郡上砂川町
01,北海道,01427,夕張郡由仁町,北海道夕張郡由仁町
01,北海道,01428,夕張郡長沼町,北海道夕張郡長沼町
01,北海道,01429,夕張郡栗山町,北海道夕張郡栗山町
01,北海道,01430,樺戸郡月形町,北海道樺戸郡月形町
01,北海道,01431,樺戸郡浦臼町,北海道樺戸郡浦臼町
01,北海道,01432,樺戸郡新十津川町,北海道樺戸郡新十津川町
01,北海道,01433,雨竜郡妹背牛町,北海道雨竜郡妹背牛町
01,北海道,01434,雨竜郡秩父別町,北海道雨竜郡秩父別町
01,北海道,01436,雨竜郡雨竜町,北海道雨竜郡雨竜町
01,北海道,01437,雨竜郡北竜町,北海道雨竜郡北竜町
01,北海道,01438,雨竜郡沼田町,北海道雨竜郡沼田町
01,北海道,01452,上川郡鷹栖町,北海道上川郡鷹栖町
01,北海道,01453,上川郡東神楽町,北海道上川郡東神楽町
01,北海道,01454,上川郡当麻町,北海道上川郡当麻町
01,北海道,01455,上川郡比布町,北海道上川郡比布町
01,北海道,01456,上川郡愛別町,北海道上川郡愛別町
01,北海道,01457,上川郡上川町,北海道上川郡上川町
01,北海道,01458,上川郡東川町,北海道上川郡東川町
01,北海道,01459,上川郡美瑛町,北海道上川郡美瑛町
01,北海道,01460,空知郡上富良野町,北海道空知郡上富良野町
01,北海道,01461,空知郡中富良野町,北海道空知郡中富良野町
01,北海道,01462,空知郡南富良野町,北海道空知郡南富良野町
01,北海道,01463,勇払郡占冠村,北海道勇払郡占冠村
01,北海道,01464,上川郡和寒町,北海道上川郡和寒町
01,北海道,01465,上川郡剣淵町,北海道上川郡剣淵町
01,北海道,01468,上川郡下川町,北海道上川郡下川町
01,北海道,01469,中川郡美深町,北海道中川郡美深町
01,北海道,01470,中川郡音威子府村,北海道中川郡音威子府村
01,北海道,01471,中川郡中川町,北海道中川郡中川町
01,北海道,01472,雨竜郡幌加内町,北海道雨竜郡幌加内町
01,北海道,01481,増毛郡増毛町,北海道増毛郡増毛町
01,北海道,01482,留萌郡小平町,北海道留萌郡小平町
01,北海道,01483,苫前郡苫前町,北海道苫前郡苫前町
01,北海道,01484,苫前郡羽幌町,北海道苫前郡羽幌町
01,北海道,01485,苫前郡初山別村,北海道苫前郡初山別村
01,北海道,01486,天塩郡遠別町,北海道天塩郡遠別町
01,北海道,01487,天塩郡天塩町,北海道天塩郡天塩町
01,北海道,01511,宗谷郡猿払村,北海道宗谷郡猿払村
01,北海道,01512,枝幸郡浜頓別町,北海道枝幸郡浜頓別町
01,北海道,01513,枝幸郡中頓別町,北海道枝幸郡中頓別町
01,北海道,01514,枝幸郡枝幸町,北海道枝幸郡枝幸町
01,北海道,01516,天塩郡豊富町,北海道天塩郡豊富町
01,北海道,01517,礼文郡礼文町,北海道礼文郡礼文町
01,北海道,01518,利尻郡利尻町,北海道利尻郡利尻町
01,北海道,01519,利尻郡利尻富士町,北海道利尻郡利尻富士町
01,北海道,01520,天塩郡幌延町,北海道天塩郡幌延町
01,北海道,01543,網走郡美幌町,北海道網走郡美幌町
01,北海道,01544,網走郡津別町,北海道網走郡津別町
01,北海道,01545,斜里郡斜里町,北海道斜里郡斜里町
01,北海道,01546,斜里郡清里町,北海道斜里郡清里町
01,北海道,01547,斜里郡小清水町,北海道斜里郡小清水町
01,北海道,01549,常呂郡訓子府町,北海道常呂郡訓子府町
01,北海道,01550,常呂郡置戸町,北海道常呂郡置戸町
01,北海道,01552,常呂郡佐呂間町,北海道常呂郡佐呂間町
01,北海道,01555,紋別郡遠軽町,北海道紋別郡遠軽町
01,北海道,01559,紋別郡湧別町,北海道紋別郡湧別町
01,北海道,01560,紋別郡滝上町,北海道紋別郡滝上町
01,北海道,01561,紋別郡興部町,北海道紋別郡興部町
01,北海道,01562,紋別郡西興部村,北海道紋別郡西興部村
01,北海道,01563,紋別郡雄武町,北海道紋別郡雄武町
01,北海道,01564,網走郡大空町,北海道網走郡大空町
01,北海道,01571,虻田郡豊浦町,北海道虻田郡豊浦町
01,北海道,01575,有珠郡壮瞥町,北海道有珠郡壮瞥町
01,北海道,01578,白老郡白老町,北海道白老郡白老町
01,北海道,01581,勇払郡厚真町,北海道勇払郡厚真町
01,北海道,01584,虻田郡洞爺湖町,北海道虻田郡洞爺湖町
01,北海道,01585,勇払郡安平町,北海道勇払郡安平町
01,北海道,01586,勇払郡むかわ町,北海道勇払郡むかわ町
01,北海道,01601,沙流郡日高町,北海道沙流郡日高町
01,北海道,01602,沙流郡平取町,北海道沙流郡平取町
01,北海道,01604,新冠郡新冠町,北海道新冠郡新冠町
01,北海道,01607,浦河郡浦河町,北海道浦河郡浦河町
01,北海道,01608,様似郡様似町,北海道様似郡様似町
01,北海道,01609,幌泉郡えりも町,北海道幌泉郡えりも町
01,北海道,01610,日高郡新ひだか町,北海道日高郡新ひだか町
01,北海道,01631,河東郡音更町,北海道河東郡音更町
01,北海道,01632,河東郡士幌町,北海道河東郡士幌町
01,北海道,01633,河東郡上士幌町,北海道河東郡上士幌町
01,北海道,01634,河東郡鹿追町,北海道河東郡鹿追町
01,北海道,01635,上川郡新得町,北海道上川郡新得町
01,北海道,01636,上川郡清水町,北海道上川郡清水町
01,北海道,01637,河西郡芽室町,北海道河西郡芽室町
01,北海道,01638,河西郡中札内村,北海道河西郡中札内村
01,北海道,01639,河西郡更別村,北海道河西郡更別村
01,北海道,01641,広尾郡大樹町,北海道広尾郡大樹町
01,北海道,01642,広尾郡広尾町,北海道広尾郡広尾町
01,北海道,01643,中川郡幕別町,北海道中川郡幕別町
01,北海道,01644,中川郡池田町,北海道中川郡池田町
01,北海道,01645,中川郡豊頃町,北海道中川郡豊頃町
01,北海道,01646,中川郡本別町,北海道中川郡本別町
01,北海道,01647,足寄郡足寄町,北海道足寄郡足寄町
01,北海道,01648,足寄郡陸別町,北海道足寄郡陸別町
01,北海道,01649,十勝郡浦幌町,北海道十勝郡浦幌町
01,北海道,01661,釧路郡釧路町,北海道釧路郡釧路町
01,北海道,01662,厚岸郡厚岸町,北海道厚岸郡厚岸町
01,北海道,01663,厚岸郡浜中町,北海道厚岸郡浜中町
01,北海道,01664,川上郡標茶町,北海道川上郡標茶町
01,北海道,01665,川上郡弟子屈町,北海道川上郡弟子屈町
01,北海道,01667,阿寒郡鶴居村,北海道阿寒郡鶴居村
01,北海道,01668,白糠郡白糠町,北海道白糠郡白糠町
01,北海道,01691,野付郡別海町,北海道野付郡別海町
01,北海道,01692,標津郡中標津町,北海道標津郡中標津町
01,北海道,01693,標津郡標津町,北海道標津郡標津町
01,北海道,01694,目梨郡羅臼町,北海道目梨郡羅臼町
02,青森県,02201,青森市,青森県青森市
02,青森県,02202,弘前市,青森県弘前市
02,青森県,02203,八戸市,青森県八戸市
02,青森県,02204,黒石市,青森県黒石市
02,青森県,02205,五所川原市,青森県五所川原市
02,青森県,02206,十和田市,青森県十和田市
02,青森県,02207,三沢市,青森県三沢市
02,青森県,02208,むつ市,青森県むつ市
02,青森県,02209,つがる市,青森県つがる市
02,青森県,02210,平川市,青森県平川市
02,青森県,02301,東津軽郡平内町,青森県東津軽郡平内町
02,青森県,02303,東津軽郡今別町,青森県東津軽郡今別町
02,青森県,02304,東津軽郡蓬田村,青森県東津軽郡蓬田村
02,青森県,02307,東津軽郡外ヶ浜町,青森県東津軽郡外ヶ浜町
02,青森県,02321,西津軽郡鰺ヶ沢町,青森県西津軽郡鰺ヶ沢町
02,青森県,02323,西津軽郡深浦町,青森県西津軽郡深浦町
02,青森県,02343,中津軽郡西目屋村,青森県中津軽郡西目屋村
02,青森県,02361,南津軽郡藤崎町,青森県南津軽郡藤崎町
02,青森県,02362,南津軽郡大鰐町,青森県南津軽郡大鰐町
02,青森県,02367,南津軽郡田舎館村,青森県南津軽郡田舎館村
02,青森県,02381,北津軽郡板柳町,青森県北津軽郡板柳町
02,青森県,02384,北津軽郡鶴田町,青森県北津軽郡鶴田町
02,青森県,02387,北津軽郡中泊町,青森県北津軽郡中泊町
02,青森県,02401,上北郡野辺地町,青森県上北郡野辺地町
02,青森県,02402,上北郡七戸町,青森県上北郡七戸町
02,青森県,02405,上北郡六戸町,青森県上北郡六戸町
02,青森県,02406,上北郡横浜町,青森県上北郡横浜町
02,青森県,02408,上北郡東北町,青森県上北郡東北町
02,青森県,02411,上北郡六ヶ所村,青森県上北郡六ヶ所村
02,青森県,02412,上北郡おいらせ町,青森県上北郡おいらせ町
02,青森県,02423,下北郡大間町,青森県下北郡大間町
02,青森県,02424,下北郡東通村,青森県下北郡東通村
02,青森県,02425,下北郡風間浦村,青森県下北郡風間浦村
02,青森県,02426,下北郡佐井村,青森県下北郡佐井村
02,青森県,02441,三戸郡三戸町,青森県三戸郡三戸町
02,青森県,02442,三戸郡五戸町,青森県三戸郡五戸町
02,青森県,02443,三戸郡田子町,青森県三戸郡田子町
02,青森県,02445,三戸郡南部町,青森県三戸郡南部町
02,青森県,02446,三戸郡階上町,青森県三戸郡階上町
02,青森県,02450,三戸郡新郷村,青森県三戸郡新郷村
03,岩手県,03201,盛岡市,岩手県盛岡市
03,岩手県,03202,宮古市,岩手県宮古市
03,岩手県,03203,大船渡市,岩手県大船渡市
03,岩手県,03205,花巻市,岩手県花巻市
03,岩手県,03206,北上市,岩手県北上市
03,岩手県,03207,久慈市,岩手県久慈市
03,岩手県,03208,遠野市,岩手県遠野市
03,岩手県,03209,一関市,岩手県一関市
03,岩手県,03210,陸前高田市,岩手県陸前高田市
03,岩手県,03211,釜石市,岩手県釜石市
03,岩手県,03213,二戸市,岩手県二戸市
03,岩手県,03214,八幡平市,岩手県八幡平市
03,岩手県,03215,奥州市,岩手県奥州市
03,岩手県,03216,滝沢市,岩手県滝沢市
03,岩手県,03301,岩手郡雫石町,岩手県岩手郡雫石町
03,岩手県,03302,岩手郡葛巻町,岩手県岩手郡葛巻町
03,岩手県,03303,岩手郡岩手町,岩手県岩手郡岩手町
03,岩手県,03321,紫波郡紫波町,岩手県紫波郡紫波町
03,岩手県,03322,紫波郡矢巾町,岩手県紫波郡矢巾町
03,岩手県,03366,和賀郡西和賀町,岩手県和賀郡西和賀町
03,岩手県,03381,胆沢郡金ケ崎町,岩手県胆沢郡金ケ崎町
03,岩手県,03402,西磐井郡平泉町,岩手県西磐井郡平泉町
03,岩手県,03441,気仙郡住田町,岩手県気仙郡住田町
03,岩手県,03461,上閉伊郡大槌町,岩手県上閉伊郡大槌町
03,岩手県,03482,下閉伊郡山田町,岩手県下閉伊郡山田町
03,岩手県,03483,下閉伊郡岩泉町,岩手県下閉伊郡岩泉町
03,岩手県,03484,下閉伊郡田野畑村,岩手県下閉伊郡田野畑村
03,岩手県,03485,下閉伊郡普代村,岩手県下閉伊郡普代村
03,岩手県,03501,九戸郡軽米町,岩手県九戸郡軽米町
03,岩手県,03503,九戸郡野田村,岩手県九戸郡野田村
03,岩手県,03506,九戸郡九戸村,岩手県九戸郡九戸村
03,岩手県,03507,九戸郡洋野町,岩手県九戸郡洋野町
03,岩手県,03524,二戸郡一戸町,岩手県二戸郡一戸町
04,宮城県,04101,仙台市青葉区,宮城県仙台市青葉区
04,宮城県,04102,仙台市宮城野区,宮城県仙台市宮城野区
04,宮城県,04103,仙台市若林区,宮城県仙台市若林区
04,宮城県,04104,仙台市太白区,宮城県仙台市太白区
04,宮城県,04105,仙台市泉区,宮城県仙台市泉区
04,宮城県,04202,石巻市,宮城県石巻市
04,宮城県,04203,塩竈市,宮城県塩竈市
04,宮城県,04205,気仙沼市,宮城県気仙沼市
04,宮城県,04206,白石市,宮城県白石市
04,宮城県,04207,名取市,宮城県名取市
04,宮城県,04208,角田市,宮城県角田市
04,宮城県,04209,多賀城市,宮城県多賀城市
04,宮城県,04211,岩沼市,宮城県岩沼市
04,宮城県,04212,登米市,宮城県登米市
04,宮城県,04213,栗原市,宮城県栗原市
04,宮城県,04214,東松島市,宮城県東松島市
04,宮城県,04215,大崎市,宮城県大崎市
04,宮城県,04216,富谷市,宮城県富谷市
04,宮城県,04301,刈田郡蔵王町,宮城県刈田郡蔵王町
04,宮城県,04302,刈田郡七ヶ宿町,宮城県刈田郡七ヶ宿町
04,宮城県,04321,柴田郡大河原町,宮城県柴田郡大河原町
04,宮城県,04322,柴田郡村田町,宮城県柴田郡村田町
04,宮城県,04323,柴田郡柴田町,宮城県柴田郡柴田町
04,宮城県,04324,柴田郡川崎町,宮城県柴田郡川崎町
04,宮城県,04341,伊具郡丸森町,宮城県伊具郡丸森町
04,宮城県,04361,亘理郡亘理町,宮城県亘理郡亘理町
04,宮城県,04362,亘理郡山元町,宮城県亘理郡山元町
04,宮城県,04401,宮城郡松島町,宮城県宮城郡松島町
04,宮城県,04404,宮城郡七ヶ浜町,宮城県宮城郡七ヶ浜町
04,宮城県,04406,宮城郡利府町,宮城県宮城郡利府町
04,宮城県,04421,黒川郡大和町,宮城県黒川郡大和町
04,宮城県,04422,黒川郡大郷町,宮城県黒川郡大郷町
04,宮城県,04424,黒川郡大衡村,宮城県黒川郡大衡村
04,宮城県,04444,加美郡色麻町,宮城県加美郡色麻町
04,宮城県,04445,加美郡加美町,宮城県加美郡加美町
04,宮城県,04501,遠田郡涌谷町,宮城県遠田郡涌谷町
04,宮城県,04505,遠田郡美里町,宮城県遠田郡美里町
04,宮城県,04581,牡鹿郡女川町,宮城県牡鹿郡女川町
04,宮城県,04606,本吉郡南三陸町,宮城県本吉郡南三陸町
05,秋田県,05201,秋田市,秋田県秋田市
05,秋田県,05202,能代市,秋田県能代市
05,秋田県,05203,横手市,秋田県横手市
05,秋田県,05204,大館市,秋田県大館市
05,秋田県,05206,男鹿市,秋田県男鹿市
05,秋田県,05207,湯沢市,秋田県湯沢市
05,秋田県,05209,鹿角市,秋田県鹿角市
05,秋田県,05210,由利本荘市,秋田県由利本荘市
05,秋田県,05211,潟上市,秋田県潟上市
05,秋田県,05212,大仙市,秋田県大仙市
05,秋田県,05213,北秋田市,秋田県北秋田市
05,秋田県,05214,にかほ市,秋田県にかほ市
05,秋田県,05215,仙北市,秋田県仙北市
05,秋田県,05303,鹿角郡小坂町,秋田県鹿角郡小坂町
05,秋田県,05327,北秋田郡上小阿仁村,秋田県北秋田郡上小阿仁村
05,秋田県,05346,山本郡藤里町,秋田県山本郡藤里町
05,秋田県,05348,山本郡三種町,秋田県山本郡三種町
05,秋田県,05349,山本郡八峰町,秋田県山本郡八峰町
05,秋田県,05361,南秋田郡五城目町,秋田県南秋田郡五城目町
05,秋田県,05363,南秋田郡八郎潟町,秋田県南秋田郡八郎潟町
05,秋田県,05366,南秋田郡井川町,秋田県南秋田郡井川町
05,秋田県,05368,南秋田郡大潟村,秋田県南秋田郡大潟村
05,秋田県,05434,仙北郡美郷町,秋田県仙北郡美郷町
05,秋田県,05463,雄勝郡羽後町,秋田県雄勝郡羽後町
05,秋田県,05464,雄勝郡東成瀬村,秋田県雄勝郡東成瀬村
06,山形県,06201,山形市,山形県山形市
06,山形県,06202,米沢市,山形県米沢市
06,山形県,06203,鶴岡市,山形県鶴岡市
06,山形県,06204,酒田市,山形県酒田市
06,山形県,06205,新庄市,山形県新庄市
06,山形県,06206,寒河江市,山形県寒河江市
06,山形県,06207,上山市,山形県上山市
06,山形県,06208,村山市,山形県村山市
06,山形県,06209,長井市,山形県長井市
06,山形県,06210,天童市,山形県天童市
06,山形県,06211,東根市,山形県東根市
06,山形県,06212,尾花沢市,山形県尾花沢市
06,山形県,06213,南陽市,山形県南陽市
06,山形県,06301,東村山郡山辺町,山形県東村山郡山辺町
06,山形県,06302,東村山郡中山町,山形県東村山郡中山町
06,山形県,06321,西村山郡河北町,山形県西村山郡河北町
06,山形県,06322,西村山郡西川町,山形県西村山郡西川町
06,山形県,06323,西村山郡朝日町,山形県西村山郡朝日町
06,山形県,06324,西村山郡大江町,山形県西村山郡大江町
06,山形県,06341,北村山郡大石田町,山形県北村山郡大石田町
06,山形県,06361,最上郡金山町,山形県最上郡金山町
06,山形県,06362,最上郡最上町,山形県最上郡最上町
06,山形県,06363,最上郡舟形町,山形県最上郡舟形町
06,山形県,06364,最上郡真室川町,山形県最上郡真室川町
06,山形県,06365,最上郡大蔵村,山形県最上郡大蔵村
06,山形県,06366,最上郡鮭川村,山形県最上郡鮭川村
06,山形県,06367,最上郡戸沢村,山形県最上郡戸沢村
06,山形県,06381,東置賜郡高畠町,山形県東置賜郡高畠町
06,山形県,06382,東置賜郡川西町,山形県東置賜郡川西町
06,山形県,06401,西置賜郡小国町,山形県西置賜郡小国町
06,山形県,06402,西置賜郡白鷹町,山形県西置賜郡白鷹町
06,山形県,06403,西置賜郡飯豊町,山形県西置賜郡飯豊町
06,山形県,06426,東田川郡三川町,山形県東田川郡三川町
06,山形県,06428,東田川郡庄内町,山形県東田川郡庄内町
06,山形県,06461,飽海郡遊佐町,山形県飽海郡遊佐町
07,福島県,07201,福島市,福島県福島市
07,福島県,07202,会津若松市,福島県会津若松市
07,福島県,07203,郡山市,福島県郡山市
07,福島県,07204,いわき市,福島県いわき市
07,福島県,07205,白河市,福島県白河市
07,福島県,07207,須賀川市,福島県須賀川市
07,福島県,07208,喜多方市,福島県喜多方市
07,福島県,07209,相馬市,福島県相馬市
07,福島県,07210,二本松市,福島県二本松市
07,福島県,07211,田村市,福島県田村市
07,福島県,07212,南相馬市,福島県南相馬市
07,福島県,07213,伊達市,福島県伊達市
07,福島県,07214,本宮市,福島県本宮市
07,福島県,07301,伊達郡桑折町,福島県伊達郡桑折町
07,福島県,07303,伊達郡国見町,福島県伊達郡国見町
07,福島県,07308,伊達郡川俣町,福島県伊達郡川俣町
07,福島県,07322,安達郡大玉村,福島県安達郡大玉村
07,福島県,07342,岩瀬郡鏡石町,福島県岩瀬郡鏡石町
07,福島県,07344,岩瀬郡天栄村,福島県岩瀬郡天栄村
07,福島県,07362,南会津郡下郷町,福島県南会津郡下郷町
07,福島県,07364,南会津郡檜枝岐村,福島県南会津郡檜枝岐村
07,福島県,07367,南会津郡只見町,福島県南会津郡只見町
07,福島県,07368,南会津郡南会津町,福島県南会津郡南会津町
07,福島県,07402,耶麻郡北塩原村,福島県耶麻郡北塩原村
07,福島県,07405,耶麻郡西会津町,福島県耶麻郡西会津町
07,福島県,07407,耶麻郡磐梯町,福島県耶麻郡磐梯町
07,福島県,07408,耶麻郡猪苗代町,福島県耶麻郡猪苗代町
07,福島県,07421,河沼郡会津坂下町,福島県河沼郡会津坂下町
07,福島県,07422,河沼郡湯川村,福島県河沼郡湯川村
07,福島県,07423,河沼郡柳津町,福島県河沼郡柳津町
07,福島県,07444,大沼郡三島町,福島県大沼郡三島町
07,福島県,07445,大沼郡金山町,福島県大沼郡金山町
07,福島県,07446,大沼郡昭和村,福島県大沼郡昭和村
07,福島県,07447,大沼郡会津美里町,福島県大沼郡会津美里町
07,福島県,07461,西白河郡西郷村,福島県西白河郡西郷村
07,福島県,07464,西白河郡泉崎村,福島県西白河郡泉崎村
07,福島県,07465,西白河郡中島村,福島県西白河郡中島村
07,福島県,07466,西白河郡矢吹町,福島県西白河郡矢吹町
07,福島県,07481,東白川郡棚倉町,福島県東白川郡棚倉町
07,福島県,07482,東白川郡矢祭町,福島県東白川郡矢祭町
07,福島県,07483,東白川郡塙町,福島県東白川郡塙町
07,福島県,07484,東白川郡鮫川村,福島県東白川郡鮫川村
07,福島県,07501,石川郡石川町,福島県石川郡石川町
07,福島県,07502,石川郡玉川村,福島県石川郡玉川村
07,福島県,07503,石川郡平田村,福島県石川郡平田村
07,福島県,07504,石川郡浅川町,福島県石川郡浅川町
07,福島県,07505,石川郡古殿町,福島県石川郡古殿町
07,福島県,07521,田村郡三春町,福島県田村郡三春町
07,福島県,07522,田村郡小野町,福島県田村郡小野町
07,福島県,07541,双葉郡広野町,福島県双葉郡広野町
07,福島県,07542,双葉郡楢葉町,福島県双葉郡楢葉町
07,福島県,07543,双葉郡富岡町,福島県双葉郡富岡町
07,福島県,07544,双葉郡川内村,福島県双葉郡川内村
07,福島県,07545,双葉郡大熊町,福島県双葉郡大熊町
07,福島県,07546,双葉郡双葉町,福島県双葉郡双葉町
07,福島県,07547,双葉郡浪江町,福島県双葉郡浪江町
07,福島県,07548,双葉郡葛尾村,福島県双葉郡葛尾村
07,福島県,07561,相馬郡新地町,福島県相馬郡新地町
07,福島県,07564,相馬郡飯舘村,福島県相馬郡飯舘村
08,茨城県,08201,水戸市,茨城県水戸市
08,茨城県,08202,日立市,茨城県日立市
08,茨城県,08203,土浦市,茨城県土浦市
08,茨城県,08204,古河市,茨城県古河市
08,茨城県,08205,石岡市,茨城県石岡市
08,茨城県,08207,結城市,茨城県結城市
08,茨城県,08208,龍ケ崎市,茨城県龍ケ崎市
08,茨城県,08210,下妻市,茨城県下妻市
08,茨城県,08211,常総市,茨城県常総市
08,茨城県,08212,常陸太田市,茨城県常陸太田市
08,茨城県,08214,高萩市,茨城県高萩市
08,茨城県,08215,北茨城市,茨城県北茨城市
08,茨城県,08216,笠間市,茨城県笠間市
08,茨城県,08217,取手市,茨城県取手市
08,茨城県,08219,牛久市,茨城県牛久市
08,茨城県,08220,つくば市,茨城県つくば市
08,茨城県,08221,ひたちなか市,茨城県ひたちなか市
08,茨城県,08222,鹿嶋市,茨城県鹿嶋市
08,茨城県,08223,潮来市,茨城県潮来市
08,茨城県,08224,守谷市,茨城県守谷市
08,茨城県,08225,常陸大宮市,茨城県常陸大宮市
08,茨城県,08226,那珂市,茨城県那珂市
08,茨城県,08227,筑西市,茨城県筑西市
08,茨城県,08228,坂東市,茨城県坂東市
08,茨城県,08229,稲敷市,茨城県稲敷市
08,茨城県,08230,かすみがうら市,茨城県かすみがうら市
08,茨城県,08231,桜川市,茨城県桜川市
08,茨城県,08232,神栖市,茨城県神栖市
08,茨城県,08233,行方市,茨城県行方市
08,茨城県,08234,鉾田市,茨城県鉾田市
08,茨城県,08235,つくばみらい市,茨城県つくばみらい市
08,茨城県,08236,小美玉市,茨城県小美玉市
08,茨城県,08302,東茨城郡茨城町,茨城県東茨城郡茨城町
08,茨城県,08309,東茨城郡大洗町,茨城県東茨城郡大洗町
08,茨城県,08310,東茨城郡城里町,茨城県東茨城郡城里町
08,茨城県,08341,那珂郡東海村,茨城県那珂郡東海村
08,茨城県,08364,久慈郡大子町,茨城県久慈郡大子町
08,茨城県,08442,稲敷郡美浦村,茨城県稲敷郡美浦村
08,茨城県,08443,稲敷郡阿見町,茨城県稲敷郡阿見町
08,茨城県,08447,稲敷郡河内町,茨城県稲敷郡河内町
08,茨城県,08521,結城郡八千代町,茨城県結城郡八千代町
08,茨城県,08542,猿島郡五霞町,茨城県猿島郡五霞町
08,茨城県,08546,猿島郡境町,茨城県猿島郡境町
08,茨城県,08564,北相馬郡利根町,茨城県北相馬郡利根町
09,栃木県,09201,宇都宮市,栃木県宇都宮市
09,栃木県,09202,足利市,栃木県足利市
09,栃木県,09203,栃木市,栃木県栃木市
09,栃木県,09204,佐野市,栃木県佐野市
09,栃木県,09205,鹿沼市,栃木県鹿沼市
09,栃木県,09206,日光市,栃木県日光市
09,栃木県,09208,小山市,栃木県小山市
09,栃木県,09209,真岡市,栃木県真岡市
09,栃木県,09210,大田原市,栃木県大田原市
09,栃木県,09211,矢板市,栃木県矢板市
09,栃木県,09213,那須塩原市,栃木県那須塩原市
09,栃木県,09214,さくら市,栃木県さくら市
09,栃木県,09215,那須烏山市,栃木県那須烏山市
09,栃木県,09216,下野市,栃木県下野市
09,栃木県,09301,河内郡上三川町,栃木県河内郡上三川町
09,栃木県,09342,芳賀郡益子町,栃木県芳賀郡益子町
09,栃木県,09343,芳賀郡茂木町,栃木県芳賀郡茂木町
09,栃木県,09344,芳賀郡市貝町,栃木県芳賀郡市貝町
09,栃木県,09345,芳賀郡芳賀町,栃木県芳賀郡芳賀町
09,栃木県,09361,下都賀郡壬生町,栃木県下都賀郡壬生町
09,栃木県,09364,下都賀郡野木町,栃木県下都賀郡野木町
09,栃木県,09384,塩谷郡塩谷町,栃木県塩谷郡塩谷町
09,栃木県,09386,塩谷郡高根沢町,栃木県塩谷郡高根沢町
09,栃木県,09407,那須郡那須町,栃木県那須郡那須町
09,栃木県,09411,那須郡那珂川町,栃木県那須郡那珂川町
10,群馬県,10201,前橋市,群馬県前橋市
10,群馬県,10202,高崎市,群馬県高崎市
10,群馬県,10203,桐生市,群馬県桐生市
10,群馬県,10204,伊勢崎市,群馬県伊勢崎市
10,群馬県,10205,太田市,群馬県太田市
10,群馬県,10206,沼田市,群馬県沼田市
10,群馬県,10207,館林市,群馬県館林市
10,群馬県,10208,渋川市,群馬県渋川市
10,群馬県,10209,藤岡市,群馬県藤岡市
10,群馬県,10210,富岡市,群馬県富岡市
10,群馬県,10211,安中市,群馬県安中市
10,群馬県,10212,みどり市,群馬県みどり市
10,群馬県,10344,北群馬郡榛東村,群馬県北群馬郡榛東村
10,群馬県,10345,北群馬郡吉岡町,群馬県北群馬郡吉岡町
10,群馬県,10366,多野郡上野村,群馬県多野郡上野村
10,群馬県,10367,多野郡神流町,群馬県多野郡神流町
10,群馬県,10382,甘楽郡下仁田町,群馬県甘楽郡下仁田町
10,群馬県,10383,甘楽郡南牧村,群馬県甘楽郡南牧村
10,群馬県,10384,甘楽郡甘楽町,群馬県甘楽郡甘楽町
10,群馬県,10421,吾妻郡中之条町,群馬県吾妻郡中之条町
10,群馬県,10424,吾妻郡長野原町,群馬県吾妻郡長野原町
10,群馬県,10425,吾妻郡嬬恋村,群馬県吾妻郡嬬恋村
10,群馬県,10426,吾妻郡草津町,群馬県吾妻郡草津町
10,群馬県,10428,吾妻郡高山村,群馬県吾妻郡高山村
10,群馬県,10429,吾妻郡東吾妻町,群馬県吾妻郡東吾妻町
10,群馬県,10443,利根郡片品村,群馬県利根郡片品村
10,群馬県,10444,利根郡川場村,群馬県利根郡川場村
10,群馬県,10448,利根郡昭和村,群馬県利根郡昭和村
10,群馬県,10449,利根郡みなかみ町,群馬県利根郡みなかみ町
10,群馬県,10464,佐波郡玉村町,群馬県佐波郡玉村町
10,群馬県,10521,邑楽郡板倉町,群馬県邑楽郡板倉町
10,群馬県,10522,邑楽郡明和町,群馬県邑楽郡明和町
10,群馬県,10523,邑楽郡千代田町,群馬県邑楽郡千代田町
10,群馬県,10524,邑楽郡大泉町,群馬県邑楽郡大泉町
10,群馬県,10525,邑楽郡邑楽町,群馬県邑楽郡邑楽町
11,埼玉県,11101,さいたま市西区,埼玉県さいたま市西区
11,埼玉県,11102,さいたま市北区,埼玉県さいたま市北区
11,埼玉県,11103,さいたま市大宮区,埼玉県さいたま市大宮区
11,埼玉県,11104,さいたま市見沼区,埼玉県さいたま市見沼区
11,埼玉県,11105,さいたま市中央区,埼玉県さいたま市中央区
11,埼玉県,11106,さいたま市桜区,埼玉県さいたま市桜区
11,埼玉県,11107,さいたま市浦和区,埼玉県さいたま市浦和区
11,埼玉県,11108,さいたま市南区,埼玉県さいたま市南区
11,埼玉県,11109,さいたま市緑区,埼玉県さいたま市緑区
11,埼玉県,11110,さいたま市岩槻区,埼玉県さいたま市岩槻区
11,埼玉県,11201,川越市,埼玉県川越市
11,埼玉県,11202,熊谷市,埼玉県熊谷市
11,埼玉県,11203,川口市,埼玉県川口市
11,埼玉県,11206,行田市,埼玉県行田市
11,埼玉県,11207,秩父市,埼玉県秩父市
11,埼玉県,11208,所沢市,埼玉県所沢市
11,埼玉県,11209,飯能市,埼玉県飯能市
11,埼玉県,11210,加須市,埼玉県加須市
11,埼玉県,11211,本庄市,埼玉県本庄市
11,埼玉県,11212,東松山市,埼玉県東松山市
11,埼玉県,11214,春日部市,埼玉県春日部市
11,埼玉県,11215,狭山市,埼玉県狭山市
11,埼玉県,11216,羽生市,埼玉県羽生市
11,埼玉県,11217,鴻巣市,埼玉県鴻巣市
11,埼玉県,11218,深谷市,埼玉県深谷市
11,埼玉県,11219,上尾市,埼玉県上尾市
11,埼玉県,11221,草加市,埼玉県草加市
11,埼玉県,11222,越谷市,埼玉県越谷市
11,埼玉県,11223,蕨市,埼玉県蕨市
11,埼玉県,11224,戸田市,埼玉県戸田市
11,埼玉県,11225,入間市,埼玉県入間市
11,埼玉県,11227,朝霞市,埼玉県朝霞市
11,埼玉県,11228,志木市,埼玉県志木市
11,埼玉県,11229,和光市,埼玉県和光市
11,埼玉県,11230,新座市,埼玉県新座市
11,埼玉県,11231,桶川市,埼玉県桶川市
11,埼玉県,11232,久喜市,埼玉県久喜市
11,埼玉県,11233,北本市,埼玉県北本市
11,埼玉県,11234,八潮市,埼玉県八潮市
11,埼玉県,11235,富士見市,埼玉県富士見市
11,埼玉県,11237,三郷市,埼玉県三郷市
11,埼玉県,11238,蓮田市,埼玉県蓮田市
11,埼玉県,11239,坂戸市,埼玉県坂戸市
11,埼玉県,11240,幸手市,埼玉県幸手市
11,埼玉県,11241,鶴ヶ島市,埼玉県鶴ヶ島市
11,埼玉県,11242,日高市,埼玉県日高市
11,埼玉県,11243,吉川市,埼玉県吉川市
11,埼玉県,11245,ふじみ野市,埼玉県ふじみ野市
11,埼玉県,11246,白岡市,埼玉県白岡市
11,埼玉県,11301,北足立郡伊奈町,埼玉県北足立郡伊奈町
11,埼玉県,11324,入間郡三芳町,埼玉県入間郡三芳町
11,埼玉県,11326,入間郡毛呂山町,埼玉県入間郡毛呂山町
11,埼玉県,11327,入間郡越生町,埼玉県入間郡越生町
11,埼玉県,11341,比企郡滑川町,埼玉県比企郡滑川町
11,埼玉県,11342,比企郡嵐山町,埼玉県比企郡嵐山町
11,埼玉県,11343,比企郡小川町,埼玉県比企郡小川町
11,埼玉県,11346,比企郡川島町,埼玉県比企郡川島町
11,埼玉県,11347,比企郡吉見町,埼玉県比企郡吉見町
11,埼玉県,11348,比企郡鳩山町,埼玉県比企郡鳩山町
11,埼玉県,11349,比企郡ときがわ町,埼玉県比企郡ときがわ町
11,埼玉県,11361,秩父郡横瀬町,埼玉県秩父郡横瀬町
11,埼玉県,11362,秩父郡皆野町,埼玉県秩父郡皆野町
11,埼玉県,11363,秩父郡長瀞町,埼玉県秩父郡長瀞町
11,埼玉県,11365,秩父郡小鹿野町,埼玉県秩父郡小鹿野町
11,埼玉県,11369,秩父郡東秩父村,埼玉県秩父郡東秩父村
11,埼玉県,11381,児玉郡美里町,埼玉県児玉郡美里町
11,埼玉県,11383,児玉郡神川町,埼玉県児玉郡神川町
11,埼玉県,11385,児玉郡上里町,埼玉県児玉郡上里町
11,埼玉県,11408,大里郡寄居町,埼玉県大里郡寄居町
11,埼玉県,11442,南埼玉郡宮代町,埼玉県南埼玉郡宮代町
11,埼玉県,11464,北葛飾郡杉戸町,埼玉県北葛飾郡杉戸町
11,埼玉県,11465,北葛飾郡松伏町,埼玉県北葛飾郡松伏町
12,千葉県,12101,千葉市中央区,千葉県千葉市中央区
12,千葉県,12102,千葉市花見川区,千葉県千葉市花見川区
12,千葉県,12103,千葉市稲毛区,千葉県千葉市稲毛区
12,千葉県,12104,千葉市若葉区,千葉県千葉市若葉区
12,千葉県,12105,千葉市緑区,千葉県千葉市緑区
12,千葉県,12106,千葉市美浜区,千葉県千葉市美浜区
12,千葉県,12202,銚子市,千葉県銚子市
12,千葉県,12203,市川市,千葉県市川市
12,千葉県,12204,船橋市,千葉県船橋市
12,千葉県,12205,館山市,千葉県館山市
12,千葉県,12206,木更津市,千葉県木更津市
12,千葉県,12207,松戸市,千葉県松戸市
12,千葉県,12208,野田市,千葉県野田市
12,千葉県,12210,茂原市,千葉県茂原市
12,千葉県,12211,成田市,千葉県成田市
12,千葉県,12212,佐倉市,千葉県佐倉市
12,千葉県,12213,東金市,千葉県東金市
12,千葉県,12215,旭市,千葉県旭市
12,千葉県,12216,習志野市,千葉県習志野市
12,千葉県,12217,柏市,千葉県柏市
12,千葉県,12218,勝浦市,千葉県勝浦市
12,千葉県,12219,市原市,千葉県市原市
12,千葉県,12220,流山市,千葉県流山市
12,千葉県,12221,八千代市,千葉県八千代市
12,千葉県,12222,我孫子市,千葉県我孫子市
12,千葉県,12223,鴨川市,千葉県鴨川市
12,千葉県,12224,鎌ケ谷市,千葉県鎌ケ谷市
12,千葉県,12225,君津市,千葉県君津市
12,千葉県,12226,富津市,千葉県富津市
12,千葉県,12227,浦安市,千葉県浦安市
12,千葉県,12228,四街道市,千葉県四街道市
12,千葉県,12229,袖ケ浦市,千葉県袖ケ浦市
12,千葉県,12230,八街市,千葉県八街市
12,千葉県,12231,印西市,千葉県印西市
12,千葉県,12232,白井市,千葉県白井市
12,千葉県,12233,富里市,千葉県富里市
12,千葉県,12234,南房総市,千葉県南房総市
12,千葉県,12235,匝瑳市,千葉県匝瑳市
12,千葉県,12236,香取市,千葉県香取市
12,千葉県,12237,山武市,千葉県山武市
12,千葉県,12238,いすみ市,千葉県いすみ市
12,千葉県,12239,大網白里市,千葉県大網白里市
12,千葉県,12322,印旛郡酒々井町,千葉県印旛郡酒々井町
12,千葉県,12329,印旛郡栄町,千葉県印旛郡栄町
12,千葉県,12342,香取郡神崎町,千葉県香取郡神崎町
12,千葉県,12347,香取郡多古町,千葉県香取郡多古町
12,千葉県,12349,香取郡東庄町,千葉県香取郡東庄町
12,千葉県,12403,山武郡九十九里町,千葉県山武郡九十九里町
12,千葉県,12409,山武郡芝山町,千葉県山武郡芝山町
12,千葉県,12410,山武郡横芝光町,千葉県山武郡横芝光町
12,千葉県,12421,長生郡一宮町,千葉県長生郡一宮町
12,千葉県,12422,長生郡睦沢町,千葉県長生郡睦沢町
12,千葉県,12423,長生郡長生村,千葉県長生郡長生村
12,千葉県,12424,長生郡白子町,千葉県長生郡白子町
12,千葉県,12426,長生郡長柄町,千葉県長生郡長柄町
12,千葉県,12427,長生郡長南町,千葉県長生郡長南町
12,千葉県,12441,夷隅郡大多喜町,千葉県夷隅郡大多喜町
12,千葉県,12443,夷隅郡御宿町,千葉県夷隅郡御宿町
12,千葉県,12463,安房郡鋸南町,千葉県安房郡鋸南町
13,東京都,13101,千代田区,東京都千代田区
13,東京都,13102,中央区,東京都中央区
13,東京都,13103,港区,東京都港区
13,東京都,13104,新宿区,東京都新宿区
13,東京都,13105,文京区,東京都文京区
13,東京都,13106,台東区,東京都台東区
13,東京都,13107,墨田区,東京都墨田区
13,東京都,13108,江東区,東京都江東区
13,東京都,13109,品川区,東京都品川区
13,東京都,13110,目黒区,東京都目黒区
13,東京都,13111,大田区,東京都大田区
13,東京都,13112,世田谷区,東京都世田谷区
13,東京都,13113,渋谷区,東京都渋谷区
13,東京都,13114,中野区,東京都中野区
13,東京都,13115,杉並区,東京都杉並区
13,東京都,13116,豊島区,東京都豊島区
13,東京都,13117,北区,東京都北区
13,東京都,13118,荒川区,東京都荒川区
13,東京都,13119,板橋区,東京都板橋区
13,東京都,13120,練馬区,東京都練馬区
13,東京都,13121,足立区,東京都足立区
13,東京都,13122,葛飾区,東京都葛飾区
13,東京都,13123,江戸川区,東京都江戸川区
13,東京都,13201,八王子市,東京都八王子市
13,東京都,13202,立川市,東京都立川市
13,東京都,13203,武蔵野市,東京都武蔵野市
13,東京都,13204,三鷹市,東京都三鷹市
13,東京都,13205,青梅市,東京都青梅市
13,東京都,13206,府中市,東京都府中市
13,東京都,13207,昭島市,東京都昭島市
13,東京都,13208,調布市,東京都調布市
13,東京都,13209,町田市,東京都町田市
13,東京都,13210,小金井市,東京都小金井市
13,東京都,13211,小平市,東京都小平市
13,東京都,13212,日野市,東京都日野市
13,東京都,13213,東村山市,東京都東村山市
13,東京都,13214,国分寺市,東京都国分寺市
13,東京都,13215,国立市,東京都国立市
13,東京都,13218,福生市,東京都福生市
13,東京都,13219,狛江市,東京都狛江市
13,東京都,13220,東大和市,東京都東大和市
13,東京都,13221,清瀬市,東京都清瀬市
13,東京都,13222,東久留米市,東京都東久留米市
13,東京都,13223,武蔵村山市,東京都武蔵村山市
13,東京都,13224,多摩市,東京都多摩市
13,東京都,13225,稲城市,東京都稲城市
13,東京都,13227,羽村市,東京都羽村市
13,東京都,13228,あきる野市,東京都あきる野市
13,東京都,13229,西東京市,東京都西東京市
13,東京都,13303,西多摩郡瑞穂町,東京都西多摩郡瑞穂町
13,東京都,13305,西多摩郡日の出町,東京都西多摩郡日の出町
13,東京都,13307,西多摩郡檜原村,東京都西多摩郡檜原村
13,東京都,13308,西多摩郡奥多摩町,東京都西多摩郡奥多摩町
13,東京都,13361,大島町,東京都大島町
13,東京都,13362,利島村,東京都利島村
13,東京都,13363,新島村,東京都新島村
13,東京都,13364,神津島村,東京都神津島村
13,東京都,13381,三宅島三宅村,東京都三宅島三宅村
13,東京都,13382,御蔵島村,東京都御蔵島村
13,東京都,13401,八丈島八丈町,東京都八丈島八丈町
13,東京都,13402,青ヶ島村,東京都青ヶ島村
13,東京都,13421,小笠原村,東京都小笠原村
14,神奈川県,14101,横浜市鶴見区,神奈川県横浜市鶴見区
14,神奈川県,14102,横浜市神奈川区,神奈川県横浜市神奈川区
14,神奈川県,14103,横浜市西区,神奈川県横浜市西区
14,神奈川県,14104,横浜市中区,神奈川県横浜市中区
14,神奈川県,14105,横浜市南区,神奈川県横浜市南区
14,神奈川県,14106,横浜市保土ケ谷区,神奈川県横浜市保土ケ谷区
14,神奈川県,14107,横浜市磯子区,神奈川県横浜市磯子区
14,神奈川県,14108,横浜市金沢区,神奈川県横浜市金沢区
14,神奈川県,14109,横浜市港北区,神奈川県横浜市港北区
14,神奈川県,14110,横浜市戸塚区,神奈川県横浜市戸塚区
14,神奈川県,14111,横浜市港南区,神奈川県横浜市港南区
14,神奈川県,14112,横浜市旭区,神奈川県横浜市旭区
14,神奈川県,14113,横浜市緑区,神奈川県横浜市緑区
14,神奈川県,14114,横浜市瀬谷区,神奈川県横浜市瀬谷区
14,神奈川県,14115,横浜市栄区,神奈川県横浜市栄区
14,神奈川県,14116,横浜市泉区,神奈川県横浜市泉区
14,神奈川県,14117,横浜市青葉区,神奈川県横浜市青葉区
14,神奈川県,14118,横浜市都筑区,神奈川県横浜市都筑区
14,神奈川県,14131,川崎市川崎区,神奈川県川崎市川崎区
14,神奈川県,14132,川崎市幸区,神奈川県川崎市幸区
14,神奈川県,14133,川崎市中原区,神奈川県川崎市中原区
14,神奈川県,14134,川崎市高津区,神奈川県川崎市高津区
14,神奈川県,14135,川崎市多摩区,神奈川県川崎市多摩区
14,神奈川県,14136,川崎市宮前区,神奈川県川崎市宮前区
14,神奈川県,14137,川崎市麻生区,神奈川県川崎市麻生区
14,神奈川県,14151,相模原市緑区,神奈川県相模原市緑区
14,神奈川県,14152,相模原市中央区,神奈川県相模原市中央区
14,神奈川県,14153,相模原市南区,神奈川県相模原市南区
14,神奈川県,14201,横須賀市,神奈川県横須賀市
14,神奈川県,14203,平塚市,神奈川県平塚市
14,神奈川県,14204,鎌倉市,神奈川県鎌倉市
14,神奈川県,14205,藤沢市,神奈川県藤沢市
14,神奈川県,14206,小田原市,神奈川県小田原市
14,神奈川県,14207,茅ヶ崎市,神奈川県茅ヶ崎市
14,神奈川県,14208,逗子市,神奈川県逗子市
14,神奈川県,14210,三浦市,神奈川県三浦市
14,神奈川県,14211,秦野市,神奈川県秦野市
14,神奈川県,14212,厚木市,神奈川県厚木市
14,神奈川県,14213,大和市,神奈川県大和市
14,神奈川県,14214,伊勢原市,神奈川県伊勢原市
14,神奈川県,14215,海老名市,神奈川県海老名市
14,神奈川県,14216,座間市,神奈川県座間市
14,神奈川県,14217,南足柄市,神奈川県南足柄市
14,神奈川県,14218,綾瀬市,神奈川県綾瀬市
14,神奈川県,14301,三浦郡葉山町,神奈川県三浦郡葉山町
14,神奈川県,14321,高座郡寒川町,神奈川県高座郡寒川町
14,神奈川県,14341,中郡大磯町,神奈川県中郡大磯町
14,神奈川県,14342,中郡二宮町,神奈川県中郡二宮町
14,神奈川県,14361,足柄上郡中井町,神奈川県足柄上郡中井町
14,神奈川県,14362,足柄上郡大井町,神奈川県足柄上郡大井町
14,神奈川県,14363,足柄上郡松田町,神奈川県足柄上郡松田町
14,神奈川県,14364,足柄上郡山北町,神奈川県足柄上郡山北町
14,神奈川県,14366,足柄上郡開成町,神奈川県足柄上郡開成町
14,神奈川県,14382,足柄下郡箱根町,神奈川県足柄下郡箱根町
14,神奈川県,14383,足柄下郡真鶴町,神奈川県足柄下郡真鶴町
14,神奈川県,14384,足柄下郡湯河原町,神奈川県足柄下郡湯河原町
14,神奈川県,14401,愛甲郡愛川町,神奈川県愛甲郡愛川町
14,神奈川県,14402,愛甲郡清川村,神奈川県愛甲郡清川村
15,新潟県,15101,新潟市北区,新潟県新潟市北区
15,新潟県,15102,新潟市東区,新潟県新潟市東区
15,新潟県,15103,新潟市中央区,新潟県新潟市中央区
15,新潟県,15104,新潟市江南区,新潟県新潟市江南区
15,新潟県,15105,新潟市秋葉区,新潟県新潟市秋葉区
15,新潟県,15106,新潟市南区,新潟県新潟市南区
15,新潟県,15107,新潟市西区,新潟県新潟市西区
15,新潟県,15108,新潟市西蒲区,新潟県新潟市西蒲区
15,新潟県,15202,長岡市,新潟県長岡市
15,新潟県,15204,三条市,新潟県三条市
15,新潟県,15205,柏崎市,新潟県柏崎市
15,新潟県,15206,新発田市,新潟県新発田市
15,新潟県,15208,小千谷市,新潟県小千谷市
15,新潟県,15209,加茂市,新潟県加茂市
15,新潟県,15210,十日町市,新潟県十日町市
15,新潟県,15211,見附市,新潟県見附市
15,新潟県,15212,村上市,新潟県村上市
15,新潟県,15213,燕市,新潟県燕市
15,新潟県,15216,糸魚川市,新潟県糸魚川市
15,新潟県,15217,妙高市,新潟県妙高市
15,新潟県,15218,五泉市,新潟県五泉市
15,新潟県,15222,上越市,新潟県上越市
15,新潟県,15223,阿賀野市,新潟県阿賀野市
15,新潟県,15224,佐渡市,新潟県佐渡市
15,新潟県,15225,魚沼市,新潟県魚沼市
15,新潟県,15226,南魚沼市,新潟県南魚沼市
15,新潟県,15227,胎内市,新潟県胎内市
15,新潟県,15307,北蒲原郡聖籠町,新潟県北蒲原郡聖籠町
15,新潟県,15342,西蒲原郡弥彦村,新潟県西蒲原郡弥彦村
15,新潟県,15361,南蒲原郡田上町,新潟県南蒲原郡田上町
15,新潟県,15385,東蒲原郡阿賀町,新潟県東蒲原郡阿賀町
15,新潟県,15405,三島郡出雲崎町,新潟県三島郡出雲崎町
15,新潟県,15461,南魚沼郡湯沢町,新潟県南魚沼郡湯沢町
15,新潟県,15482,中魚沼郡津南町,新潟県中魚沼郡津南町
15,新潟県,15504,刈羽郡刈羽村,新潟県刈羽郡刈羽村
15,新潟県,15581,岩船郡関川村,新潟県岩船郡関川村
15,新潟県,15586,岩船郡粟島浦村,新潟県岩船郡粟島浦村
16,富山県,16201,富山市,富山県富山市
16,富山県,16202,高岡市,富山県高岡市
16,富山県,16204,魚津市,富山県魚津市
16,富山県,16205,氷見市,富山県氷見市
16,富山県,16206,滑川市,富山県滑川市
16,富山県,16207,黒部市,富山県黒部市
16,富山県,16208,砺波市,富山県砺波市
16,富山県,16209,小矢部市,富山県小矢部市
16,富山県,16210,南砺市,富山県南砺市
16,富山県,16211,射水市,富山県射水市
16,富山県,16321,中新川郡舟橋村,富山県中新川郡舟橋村
16,富山県,16322,中新川郡上市町,富山県中新川郡上市町
16,富山県,16323,中新川郡立山町,富山県中新川郡立山町
16,富山県,16342,下新川郡入善町,富山県下新川郡入善町
16,富山県,16343,下新川郡朝日町,富山県下新川郡朝日町
17,石川県,17201,金沢市,石川県金沢市
17,石川県,17202,七尾市,石川県七尾市
17,石川県,17203,小松市,石川県小松市
17,石川県,17204,輪島市,石川県輪島市
17,石川県,17205,珠洲市,石川県珠洲市
17,石川県,17206,加賀市,石川県加賀市
17,石川県,17207,羽咋市,石川県羽咋市
17,石川県,17209,かほく市,石川県かほく市
17,石川県,17210,白山市,石川県白山市
17,石川県,17211,能美市,石川県能美市
17,石川県,17212,野々市市,石川県野々市市
17,石川県,17324,能美郡川北町,石川県能美郡川北町
17,石川県,17361,河北郡津幡町,石川県河北郡津幡町
17,石川県,17365,河北郡内灘町,石川県河北郡内灘町
17,石川県,17384,羽咋郡志賀町,石川県羽咋郡志賀町
17,石川県,17386,羽咋郡宝達志水町,石川県羽咋郡宝達志水町
17,石川県,17407,鹿島郡中能登町,石川県鹿島郡中能登町
17,石川県,17461,鳳珠郡穴水町,石川県鳳珠郡穴水町
17,石川県,17463,鳳珠郡能登町,石川県鳳珠郡能登町
18,福井県,18201,福井市,福井県福井市
18,福井県,18202,敦賀市,福井県敦賀市
18,福井県,18204,小浜市,福井県小浜市
18,福井県,18205,大野市,福井県大野市
18,福井県,18206,勝山市,福井県勝山市
18,福井県,18207,鯖江市,福井県鯖江市
18,福井県,18208,あわら市,福井県あわら市
18,福井県,18209,越前市,福井県越前市
18,福井県,18210,坂井市,福井県坂井市
18,福井県,18322,吉田郡永平寺町,福井県吉田郡永平寺町
18,福井県,18382,今立郡池田町,福井県今立郡池田町
18,福井県,18404,南条郡南越前町,福井県南条郡南越前町
18,福井県,18423,丹生郡越前町,福井県丹生郡越前町
18,福井県,18442,三方郡美浜町,福井県三方郡美浜町
18,福井県,18481,大飯郡高浜町,福井県大飯郡高浜町
18,福井県,18483,大飯郡おおい町,福井県大飯郡おおい町
18,福井県,18501,三方上中郡若狭町,福井県三方上中郡若狭町
19,山梨県,19201,甲府市,山梨県甲府市
19,山梨県,19202,富士吉田市,山梨県富士吉田市
19,山梨県,19204,都留市,山梨県都留市
19,山梨県,19205,山梨市,山梨県山梨市
19,山梨県,19206,大月市,山梨県大月市
19,山梨県,19207,韮崎市,山梨県韮崎市
19,山梨県,19208,南アルプス市,山梨県南アルプス市
19,山梨県,19209,北杜市,山梨県北杜市
19,山梨県,19210,甲斐市,山梨県甲斐市
19,山梨県,19211,笛吹市,山梨県笛吹市
19,山梨県,19212,上野原市,山梨県上野原市
19,山梨県,19213,甲州市,山梨県甲州市
19,山梨県,19214,中央市,山梨県中央市
19,山梨県,19346,西八代郡市川三郷町,山梨県西八代郡市川三郷町
19,山梨県,19364,南巨摩郡早川町,山梨県南巨摩郡早川町
19,山梨県,19365,南巨摩郡身延町,山梨県南巨摩郡身延町
19,山梨県,19366,南巨摩郡南部町,山梨県南巨摩郡南部町
19,山梨県,19368,南巨摩郡富士川町,山梨県南巨摩郡富士川町
19,山梨県,19384,中巨摩郡昭和町,山梨県中巨摩郡昭和町
19,山梨県,19422,南都留郡道志村,山梨県南都留郡道志村
19,山梨県,19423,南都留郡西桂町,山梨県南都留郡西桂町
19,山梨県,19424,南都留郡忍野村,山梨県南都留郡忍野村
19,山梨県,19425,南都留郡山中湖村,山梨県南都留郡山中湖村
19,山梨県,19429,南都留郡鳴沢村,山梨県南都留郡鳴沢村
19,山梨県,19430,南都留郡富士河口湖町,山梨県南都留郡富士河口湖町
19,山梨県,19442,北都留郡小菅村,山梨県北都留郡小菅村
19,山梨県,19443,北都留郡丹波山村,山梨県北都留郡丹波山村
20,長野県,20201,長野市,長野県長野市
20,長野県,20202,松本市,長野県松本市
20,長野県,20203,上田市,長野県上田市
20,長野県,20204,岡谷市,長野県岡谷市
20,長野県,20205,飯田市,長野県飯田市
20,長野県,20206,諏訪市,長野県諏訪市
20,長野県,20207,須坂市,長野県須坂市
20,長野県,20208,小諸市,長野県小諸市
20,長野県,20209,伊那市,長野県伊那市
20,長野県,20210,駒ヶ根市,長野県駒ヶ根市
20,長野県,20211,中野市,長野県中野市
20,長野県,20212,大町市,長野県大町市
20,長野県,20213,飯山市,長野県飯山市
20,長野県,20214,茅野市,長野県茅野市
20,長野県,20215,塩尻市,長野県塩尻市
20,長野県,20217,佐久市,長野県佐久市
20,長野県,20218,千曲市,長野県千曲市
20,長野県,20219,東御市,長野県東御市
20,長野県,20220,安曇野市,長野県安曇野市
20,長野県,20303,南佐久郡小海町,長野県南佐久郡小海町
20,長野県,20304,南佐久郡川上村,長野県南佐久郡川上村
20,長野県,20305,南佐久郡南牧村,長野県南佐久郡南牧村
20,長野県,20306,南佐久郡南相木村,長野県南佐久郡南相木村
20,長野県,20307,南佐久郡北相木村,長野県南佐久郡北相木村
20,長野県,20309,南佐久郡佐久穂町,長野県南佐久郡佐久穂町
20,長野県,20321,北佐久郡軽井沢町,長野県北佐久郡軽井沢町
20,長野県,20323,北佐久郡御代田町,長野県北佐久郡御代田町
20,長野県,20324,北佐久郡立科町,長野県北佐久郡立科町
20,長野県,20349,小県郡青木村,長野県小県郡青木村
20,長野県,20350,小県郡長和町,長野県小県郡長和町
20,長野県,20361,諏訪郡下諏訪町,長野県諏訪郡下諏訪町
20,長野県,20362,諏訪郡富士見町,長野県諏訪郡富士見町
20,長野県,20363,諏訪郡原村,長野県諏訪郡原村
20,長野県,20382,上伊那郡辰野町,長野県上伊那郡辰野町
20,長野県,20383,上伊那郡箕輪町,長野県上伊那郡箕輪町
20,長野県,20384,上伊那郡飯島町,長野県上伊那郡飯島町
20,長野県,20385,上伊那郡南箕輪村,長野県上伊那郡南箕輪村
20,長野県,20386,上伊那郡中川村,長野県上伊那郡中川村
20,長野県,20388,上伊那郡宮田村,長野県上伊那郡宮田村
20,長野県,20402,下伊那郡松川町,長野県下伊那郡松川町
20,長野県,20403,下伊那郡高森町,長野県下伊那郡高森町
20,長野県,20404,下伊那郡阿南町,長野県下伊那郡阿南町
20,長野県,20407,下伊那郡阿智村,長野県下伊那郡阿智村
20,長野県,20409,下伊那郡平谷村,長野県下伊那郡平谷村
20,長野県,20410,下伊那郡根羽村,長野県下伊那郡根羽村
20,長野県,20411,下伊那郡下條村,長野県下伊那郡下條村
20,長野県,20412,下伊那郡売木村,長野県下伊那郡売木村
20,長野県,20413,下伊那郡天龍村,長野県下伊那郡天龍村
20,長野県,20414,下伊那郡泰阜村,長野県下伊那郡泰阜村
20,長野県,20415,下伊那郡喬木村,長野県下伊那郡喬木村
20,長野県,20416,下伊那郡豊丘村,長野県下伊那郡豊丘村
20,長野県,20417,下伊那郡大鹿村,長野県下伊那郡大鹿村
20,長野県,20422,木曽郡上松町,長野県木曽郡上松町
20,長野県,20423,木曽郡南木曽町,長野県木曽郡南木曽町
20,長野県,20425,木曽郡木祖村,長野県木曽郡木祖村
20,長野県,20429,木曽郡王滝村,長野県木曽郡王滝村
20,長野県,20430,木曽郡大桑村,長野県木曽郡大桑村
20,長野県,20432,木曽郡木曽町,長野県木曽郡木曽町
20,長野県,20446,東筑摩郡麻績村,長野県東筑摩郡麻績村
20,長野県,20448,東筑摩郡生坂村,長野県東筑摩郡生坂村
20,長野県,20450,東筑摩郡山形村,長野県東筑摩郡山形村
20,長野県,20451,東筑摩郡朝日村,長野県東筑摩郡朝日村
20,長野県,20452,東筑摩郡筑北村,長野県東筑摩郡筑北村
20,長野県,20481,北安曇郡池田町,長野県北安曇郡池田町
20,長野県,20482,北安曇郡松川村,長野県北安曇郡松川村
20,長野県,20485,北安曇郡白馬村,長野県北安曇郡白馬村
20,長野県,20486,北安曇郡小谷村,長野県北安曇郡小谷村
20,長野県,20521,埴科郡坂城町,長野県埴科郡坂城町
20,長野県,20541,上高井郡小布施町,長野県上高井郡小布施町
20,長野県,20543,上高井郡高山村,長野県上高井郡高山村
20,長野県,20561,下高井郡山ノ内町,長野県下高井郡山ノ内町
20,長野県,20562,下高井郡木島平村,長野県下高井郡木島平村
20,長野県,20563,下高井郡野沢温泉村,長野県下高井郡野沢温泉村
20,長野県,20583,上水内郡信濃町,長野県上水内郡信濃町
20,長野県,20588,上水内郡小川村,長野県上水内郡小川村
20,長野県,20590,上水内郡飯綱町,長野県上水内郡飯綱町
20,長野県,20602,下水内郡栄村,長野県下水内郡栄村
21,岐阜県,21201,岐阜市,岐阜県岐阜市
21,岐阜県,21202,大垣市,岐阜県大垣市
21,岐阜県,21203,高山市,岐阜県高山市
21,岐阜県,21204,多治見市,岐阜県多治見市
21,岐阜県,21205,関市,岐阜県関市
21,岐阜県,21206,中津川市,岐阜県中津川市
21,岐阜県,21207,美濃市,岐阜県美濃市
21,岐阜県,21208,瑞浪市,岐阜県瑞浪市
21,岐阜県,21209,羽島市,岐阜県羽島市
21,岐阜県,21210,恵那市,岐阜県恵那市
21,岐阜県,21211,美濃加茂市,岐阜県美濃加茂市
21,岐阜県,21212,土岐市,岐阜県土岐市
21,岐阜県,21213,各務原市,岐阜県各務原市
21,岐阜県,21214,可児市,岐阜県可児市
21,岐阜県,21215,山県市,岐阜県山県市
21,岐阜県,21216,瑞穂市,岐阜県瑞穂市
21,岐阜県,21217,飛騨市,岐阜県飛騨市
21,岐阜県,21218,本巣市,岐阜県本巣市
21,岐阜県,21219,郡上市,岐阜県郡上市
21,岐阜県,21220,下呂市,岐阜県下呂市
21,岐阜県,21221,海津市,岐阜県海津市
21,岐阜県,21302,羽島郡岐南町,岐阜県羽島郡岐南町
21,岐阜県,21303,羽島郡笠松町,岐阜県羽島郡笠松町
21,岐阜県,21341,養老郡養老町,岐阜県養老郡養老町
21,岐阜県,21361,不破郡垂井町,岐阜県不破郡垂井町
21,岐阜県,21362,不破郡関ケ原町,岐阜県不破郡関ケ原町
21,岐阜県,21381,安八郡神戸町,岐阜県安八郡神戸町
21,岐阜県,21382,安八郡輪之内町,岐阜県安八郡輪之内町
21,岐阜県,21383,安八郡安八町,岐阜県安八郡安八町
21,岐阜県,21401,揖斐郡揖斐川町,岐阜県揖斐郡揖斐川町
21,岐阜県,21403,揖斐郡大野町,岐阜県揖斐郡大野町
21,岐阜県,21404,揖斐郡池田町,岐阜県揖斐郡池田町
21,岐阜県,21421,本巣郡北方町,岐阜県本巣郡北方町
21,岐阜県,21501,加茂郡坂祝町,岐阜県加茂郡坂祝町
21,岐阜県,21502,加茂郡富加町,岐阜県加茂郡富加町
21,岐阜県,21503,加茂郡川辺町,岐阜県加茂郡川辺町
21,岐阜県,21504,加茂郡七宗町,岐阜県加茂郡七宗町
21,岐阜県,21505,加茂郡八百津町,岐阜県加茂郡八百津町
21,岐阜県,21506,加茂郡白川町,岐阜県加茂郡白川町
21,岐阜県,21507,加茂郡東白川村,岐阜県加茂郡東白川村
21,岐阜県,21521,可児郡御嵩町,岐阜県可児郡御嵩町
21,岐阜県,21604,大野郡白川村,岐阜県大野郡白川村
22,静岡県,22101,静岡市葵区,静岡県静岡市葵区
22,静岡県,22102,静岡市駿河区,静岡県静岡市駿河区
22,静岡県,22103,静岡市清水区,静岡県静岡市清水区
22,静岡県,22131,浜松市中区,静岡県浜松市中区
22,静岡県,22132,浜松市東区,静岡県浜松市東区
22,静岡県,22133,浜松市西区,静岡県浜松市西区
22,静岡県,22134,浜松市南区,静岡県浜松市南区
22,静岡県,22135,浜松市北区,静岡県浜松市北区
22,静岡県,22136,浜松市浜北区,静岡県浜松市浜北区
22,静岡県,22137,浜松市天竜区,静岡県浜松市天竜区
22,静岡県,22203,沼津市,静岡県沼津市
22,静岡県,22205,熱海市,静岡県熱海市
22,静岡県,22206,三島市,静岡県三島市
22,静岡県,22207,富士宮市,静岡県富士宮市
22,静岡県,22208,伊東市,静岡県伊東市
22,静岡県,22209,島田市,静岡県島田市
22,静岡県,22210,富士市,静岡県富士市
22,静岡県,22211,磐田市,静岡県磐田市
22,静岡県,22212,焼津市,静岡県焼津市
22,静岡県,22213,掛川市,静岡県掛川市
22,静岡県,22214,藤枝市,静岡県藤枝市
22,静岡県,22215,御殿場市,静岡県御殿場市
22,静岡県,22216,袋井市,静岡県袋井市
22,静岡県,22219,下田市,静岡県下田市
22,静岡県,22220,裾野市,静岡県裾野市
22,静岡県,22221,湖西市,静岡県湖西市
22,静岡県,22222,伊豆市,静岡県伊豆市
22,静岡県,22223,御前崎市,静岡県御前崎市
22,静岡県,22224,菊川市,静岡県菊川市
22,静岡県,22225,伊豆の国市,静岡県伊豆の国市
22,静岡県,22226,牧之原市,静岡県牧之原市
22,静岡県,22301,賀茂郡東伊豆町,静岡県賀茂郡東伊豆町
22,静岡県,22302,賀茂郡河津町,静岡県賀茂郡河津町
22,静岡県,22304,賀茂郡南伊豆町,静岡県賀茂郡南伊豆町
22,静岡県,22305,賀茂郡松崎町,静岡県賀茂郡松崎町
22,静岡県,22306,賀茂郡西伊豆町,静岡県賀茂郡西伊豆町
22,静岡県,22325,田方郡函南町,静岡県田方郡函南町
22,静岡県,22341,駿東郡清水町,静岡県駿東郡清水町
22,静岡県,22342,駿東郡長泉町,静岡県駿東郡長泉町
22,静岡県,22344,駿東郡小山町,静岡県駿東郡小山町
22,静岡県,22424,榛原郡吉田町,静岡県榛原郡吉田町
22,静岡県,22429,榛原郡川根本町,静岡県榛原郡川根本町
22,静岡県,22461,周智郡森町,静岡県周智郡森町
23,愛知県,23101,名古屋市千種区,愛知県名古屋市千種区
23,愛知県,23102,名古屋市東区,愛知県名古屋市東区
23,愛知県,23103,名古屋市北区,愛知県名古屋市北区
23,愛知県,23104,名古屋市西区,愛知県名古屋市西区
23,愛知県,23105,名古屋市中村区,愛知県名古屋市中村区
23,愛知県,23106,名古屋市中区,愛知県名古屋市中区
23,愛知県,23107,名古屋市昭和区,愛知県名古屋市昭和区
23,愛知県,23108,名古屋市瑞穂区,愛知県名古屋市瑞穂区
23,愛知県,23109,名古屋市熱田区,愛知県名古屋市熱田区
23,愛知県,23110,名古屋市中川区,愛知県名古屋市中川区
23,愛知県,23111,名古屋市港区,愛知県名古屋市港区
23,愛知県,23112,名古屋市南区,愛知県名古屋市南区
23,愛知県,23113,名古屋市守山区,愛知県名古屋市守山区
23,愛知県,23114,名古屋市緑区,愛知県名古屋市緑区
23,愛知県,23115,名古屋市名東区,愛知県名古屋市名東区
23,愛知県,23116,名古屋市天白区,愛知県名古屋市天白区
23,愛知県,23201,豊橋市,愛知県豊橋市
23,愛知県,23202,岡崎市,愛知県岡崎市
23,愛知県,23203,一宮市,愛知県一宮市
23,愛知県,23204,瀬戸市,愛知県瀬戸市
23,愛知県,23205,半田市,愛知県半田市
23,愛知県,23206,春日井市,愛知県春日井市
23,愛知県,23207,豊川市,愛知県豊川市
23,愛知県,23208,津島市,愛知県津島市
23,愛知県,23209,碧南市,愛知県碧南市
23,愛知県,23210,刈谷市,愛知県刈谷市
23,愛知県,23211,豊田市,愛知県豊田市
23,愛知県,23212,安城市,愛知県安城市
23,愛知県,23213,西尾市,愛知県西尾市
23,愛知県,23214,蒲郡市,愛知県蒲郡市
23,愛知県,23215,犬山市,愛知県犬山市
23,愛知県,23216,常滑市,愛知県常滑市
23,愛知県,23217,江南市,愛知県江南市
23,愛知県,23219,小牧市,愛知県小牧市
23,愛知県,23220,稲沢市,愛知県稲沢市
23,愛知県,23221,新城市,愛知県新城市
23,愛知県,23222,東海市,愛知県東海市
23,愛知県,23223,大府市,愛知県大府市
23,愛知県,23224,知多市,愛知県知多市
23,愛知県,23225,知立市,愛知県知立市
23,愛知県,23226,尾張旭市,愛知県尾張旭市
23,愛知県,23227,高浜市,愛知県高浜市
23,愛知県,23228,岩倉市,愛知県岩倉市
23,愛知県,23229,豊明市,愛知県豊明市
23,愛知県,23230,日進市,愛知県日進市
23,愛知県,23231,田原市,愛知県田原市
23,愛知県,23232,愛西市,愛知県愛西市
23,愛知県,23233,清須市,愛知県清須市
23,愛知県,23234,北名古屋市,愛知県北名古屋市
23,愛知県,23235,弥富市,愛知県弥富市
23,愛知県,23236,みよし市,愛知県みよし市
23,愛知県,23237,あま市,愛知県あま市
23,愛知県,23238,長久手市,愛知県長久手市
23,愛知県,23302,愛知郡東郷町,愛知県愛知郡東郷町
23,愛知県,23342,西春日井郡豊山町,愛知県西春日井郡豊山町
23,愛知県,23361,丹羽郡大口町,愛知県丹羽郡大口町
23,愛知県,23362,丹羽郡扶桑町,愛知県丹羽郡扶桑町
23,愛知県,23424,海部郡大治町,愛知県海部郡大治町
23,愛知県,23425,海部郡蟹江町,愛知県海部郡蟹江町
23,愛知県,23427,海部郡飛島村,愛知県海部郡飛島村
23,愛知県,23441,知多郡阿久比町,愛知県知多郡阿久比町
23,愛知県,23442,知多郡東浦町,愛知県知多郡東浦町
23,愛知県,23445,知多郡南知多町,愛知県知多郡南知多町
23,愛知県,23446,知多郡美浜町,愛知県知多郡美浜町
23,愛知県,23447,知多郡武豊町,愛知県知多郡武豊町
23,愛知県,23501,額田郡幸田町,愛知県額田郡幸田町
23,愛知県,23561,北設楽郡設楽町,愛知県北設楽郡設楽町
23,愛知県,23562,北設楽郡東栄町,愛知県北設楽郡東栄町
23,愛知県,23563,北設楽郡豊根村,愛知県北設楽郡豊根村
24,三重県,24201,津市,三重県津市
24,三重県,24202,四日市市,三重県四日市市
24,三重県,24203,伊勢市,三重県伊勢市
24,三重県,24204,松阪市,三重県松阪市
24,三重県,24205,桑名市,三重県桑名市
24,三重県,24207,鈴鹿市,三重県鈴鹿市
24,三重県,24208,名張市,三重県名張市
24,三重県,24209,尾鷲市,三重県尾鷲市
24,三重県,24210,亀山市,三重県亀山市
24,三重県,24211,鳥羽市,三重県鳥羽市
24,三重県,24212,熊野市,三重県熊野市
24,三重県,24214,いなべ市,三重県いなべ市
24,三重県,24215,志摩市,三重県志摩市
24,三重県,24216,伊賀市,三重県伊賀市
24,三重県,24303,桑名郡木曽岬町,三重県桑名郡木曽岬町
24,三重県,24324,員弁郡東員町,三重県員弁郡東員町
24,三重県,24341,三重郡菰野町,三重県三重郡菰野町
24,三重県,24343,三重郡朝日町,三重県三重郡朝日町
24,三重県,24344,三重郡川越町,三重県三重郡川越町
24,三重県,24441,多気郡多気町,三重県多気郡多気町
24,三重県,24442,多気郡明和町,三重県多気郡明和町
24,三重県,24443,多気郡大台町,三重県多気郡大台町
24,三重県,24461,度会郡玉城町,三重県度会郡玉城町
24,三重県,24470,度会郡度会町,三重県度会郡度会町
24,三重県,24471,度会郡大紀町,三重県度会郡大紀町
24,三重県,24472,度会郡南伊勢町,三重県度会郡南伊勢町
24,三重県,24543,北牟婁郡紀北町,三重県北牟婁郡紀北町
24,三重県,24561,南牟婁郡御浜町,三重県南牟婁郡御浜町
24,三重県,24562,南牟婁郡紀宝町,三重県南牟婁郡紀宝町
25,滋賀県,25201,大津市,滋賀県大津市
25,滋賀県,25202,彦根市,滋賀県彦根市
25,滋賀県,25203,長浜市,滋賀県長浜市
25,滋賀県,25204,近江八幡市,滋賀県近江八幡市
25,滋賀県,25206,草津市,滋賀県草津市
25,滋賀県,25207,守山市,滋賀県守山市
25,滋賀県,25208,栗東市,滋賀県栗東市
25,滋賀県,25209,甲賀市,滋賀県甲賀市
25,滋賀県,25210,野洲市,滋賀県野洲市
25,滋賀県,25211,湖南市,滋賀県湖南市
25,滋賀県,25212,高島市,滋賀県高島市
25,滋賀県,25213,東近江市,滋賀県東近江市
25,滋賀県,25214,米原市,滋賀県米原市
25,滋賀県,25383,蒲生郡日野町,滋賀県蒲生郡日野町
25,滋賀県,25384,蒲生郡竜王町,滋賀県蒲生郡竜王町
25,滋賀県,25425,愛知郡愛荘町,滋賀県愛知郡愛荘町
25,滋賀県,25441,犬上郡豊郷町,滋賀県犬上郡豊郷町
25,滋賀県,25442,犬上郡甲良町,滋賀県犬上郡甲良町
25,滋賀県,25443,犬上郡多賀町,滋賀県犬上郡多賀町
26,京都府,26101,京都市北区,京都府京都市北区
26,京都府,26102,京都市上京区,京都府京都市上京区
26,京都府,26103,京都市左京区,京都府京都市左京区
26,京都府,26104,京都市中京区,京都府京都市中京区
26,京都府,26105,京都市東山区,京都府京都市東山区
26,京都府,26106,京都市下京区,京都府京都市下京区
26,京都府,26107,京都市南区,京都府京都市南区
26,京都府,26108,京都市右京区,京都府京都市右京区
26,京都府,26109,京都市伏見区,京都府京都市伏見区
26,京都府,26110,京都市山科区,京都府京都市山科区
26,京都府,26111,京都市西京区,京都府京都市西京区
26,京都府,26201,福知山市,京都府福知山市
26,京都府,26202,舞鶴市,京都府舞鶴市
26,京都府,26203,綾部市,京都府綾部市
26,京都府,26204,宇治市,京都府宇治市
26,京都府,26205,宮津市,京都府宮津市
26,京都府,26206,亀岡市,京都府亀岡市
26,京都府,26207,城陽市,京都府城陽市
26,京都府,26208,向日市,京都府向日市
26,京都府,26209,長岡京市,京都府長岡京市
26,京都府,26210,八幡市,京都府八幡市
26,京都府,26211,京田辺市,京都府京田辺市
26,京都府,26212,京丹後市,京都府京丹後市
26,京都府,26213,南丹市,京都府南丹市
26,京都府,26214,木津川市,京都府木津川市
26,京都府,26303,乙訓郡大山崎町,京都府乙訓郡大山崎町
26,京都府,26322,久世郡久御山町,京都府久世郡久御山町
26,京都府,26343,綴喜郡井手町,京都府綴喜郡井手町
26,京都府,26344,綴喜郡宇治田原町,京都府綴喜郡宇治田原町
26,京都府,26364,相楽郡笠置町,京都府相楽郡笠置町
26,京都府,26365,相楽郡和束町,京都府相楽郡和束町
26,京都府,26366,相楽郡精華町,京都府相楽郡精華町
26,京都府,26367,相楽郡南山城村,京都府相楽郡南山城村
26,京都府,26407,船井郡京丹波町,京都府船井郡京丹波町
26,京都府,26463,与謝郡伊根町,京都府与謝郡伊根町
26,京都府,26465,与謝郡与謝野町,京都府与謝郡与謝野町
27,大阪府,27102,大阪市都島区,大阪府大阪市都島区
27,大阪府,27103,大阪市福島区,大阪府大阪市福島区
27,大阪府,27104,大阪市此花区,大阪府大阪市此花区
27,大阪府,27106,大阪市西区,大阪府大阪市西区
27,大阪府,27107,大阪市港区,大阪府大阪市港区
27,大阪府,27108,大阪市大正区,大阪府大阪市大正区
27,大阪府,27109,大阪市天王寺区,大阪府大阪市天王寺区
27,大阪府,27111,大阪市浪速区,大阪府大阪市浪速区
27,大阪府,27113,大阪市西淀川区,大阪府大阪市西淀川区
27,大阪府,27114,大阪市東淀川区,大阪府大阪市東淀川区
27,大阪府,27115,大阪市東成区,大阪府大阪市東成区
27,大阪府,27116,大阪市生野区,大阪府大阪市生野区
27,大阪府,27117,大阪市旭区,大阪府大阪市旭区
27,大阪府,27118,大阪市城東区,大阪府大阪市城東区
27,大阪府,27119,大阪市阿倍野区,大阪府大阪市阿倍野区
27,大阪府,27120,大阪市住吉区,大阪府大阪市住吉区
27,大阪府,27121,大阪市東住吉区,大阪府大阪市東住吉区
27,大阪府,27122,大阪市西成区,大阪府大阪市西成区
27,大阪府,27123,大阪市淀川区,大阪府大阪市淀川区
27,大阪府,27124,大阪市鶴見区,大阪府大阪市鶴見区
27,大阪府,27125,大阪市住之江区,大阪府大阪市住之江区
27,大阪府,27126,大阪市平野区,大阪府大阪市平野区
27,大阪府,27127,大阪市北区,大阪府大阪市北区
27,大阪府,27128,大阪市中央区,大阪府大阪市中央区
27,大阪府,27141,堺市堺区,大阪府堺市堺区
27,大阪府,27142,堺市中区,大阪府堺市中区
27,大阪府,27143,堺市東区,大阪府堺市東区
27,大阪府,27144,堺市西区,大阪府堺市西区
27,大阪府,27145,堺市南区,大阪府堺市南区
27,大阪府,27146,堺市北区,大阪府堺市北区
27,大阪府,27147,堺市美原区,大阪府堺市美原区
27,大阪府,27202,岸和田市,大阪府岸和田市
27,大阪府,27203,豊中市,大阪府豊中市
27,大阪府,27204,池田市,大阪府池田市
27,大阪府,27205,吹田市,大阪府吹田市
27,大阪府,27206,泉大津市,大阪府泉大津市
27,大阪府,27207,高槻市,大阪府高槻市
27,大阪府,27208,貝塚市,大阪府貝塚市
27,大阪府,27209,守口市,大阪府守口市
27,大阪府,27210,枚方市,大阪府枚方市
27,大阪府,27211,茨木市,大阪府茨木市
27,大阪府,27212,八尾市,大阪府八尾市
27,大阪府,27213,泉佐野市,大阪府泉佐野市
27,大阪府,27214,富田林市,大阪府富田林市
27,大阪府,27215,寝屋川市,大阪府寝屋川市
27,大阪府,27216,河内長野市,大阪府河内長野市
27,大阪府,27217,松原市,大阪府松原市
27,大阪府,27218,大東市,大阪府大東市
27,大阪府,27219,和泉市,大阪府和泉市
27,大阪府,27220,箕面市,大阪府箕面市
27,大阪府,27221,柏原市,大阪府柏原市
27,大阪府,27222,羽曳野市,大阪府羽曳野市
27,大阪府,27223,門真市,大阪府門真市
27,大阪府,27224,摂津市,大阪府摂津市
27,大阪府,27225,高石市,大阪府高石市
27,大阪府,27226,藤井寺市,大阪府藤井寺市
27,大阪府,27227,東大阪市,大阪府東大阪市
27,大阪府,27228,泉南市,大阪府泉南市
27,大阪府,27229,四條畷市,大阪府四條畷市
27,大阪府,27230,交野市,大阪府交野市
27,大阪府,27231,大阪狭山市,大阪府大阪狭山市
27,大阪府,27232,阪南市,大阪府阪南市
27,大阪府,27301,三島郡島本町,大阪府三島郡島本町
27,大阪府,27321,豊能郡豊能町,大阪府豊能郡豊能町
27,大阪府,27322,豊能郡能勢町,大阪府豊能郡能勢町
27,大阪府,27341,泉北郡忠岡町,大阪府泉北郡忠岡町
27,大阪府,27361,泉南郡熊取町,大阪府泉南郡熊取町
27,大阪府,27362,泉南郡田尻町,大阪府泉南郡田尻町
27,大阪府,27366,泉南郡岬町,大阪府泉南郡岬町
27,大阪府,27381,南河内郡太子町,大阪府南河内郡太子町
27,大阪府,27382,南河内郡河南町,大阪府南河内郡河南町
27,大阪府,27383,南河内郡千早赤阪村,大阪府南河内郡千早赤阪村
28,兵庫県,28101,神戸市東灘区,兵庫県神戸市東灘区
28,兵庫県,28102,神戸市灘区,兵庫県神戸市灘区
28,兵庫県,28105,神戸市兵庫区,兵庫県神戸市兵庫区
28,兵庫県,28106,神戸市長田区,兵庫県神戸市長田区
28,兵庫県,28107,神戸市須磨区,兵庫県神戸市須磨区
28,兵庫県,28108,神戸市垂水区,兵庫県神戸市垂水区
28,兵庫県,28109,神戸市北区,兵庫県神戸市北区
28,兵庫県,28110,神戸市中央区,兵庫県神戸市中央区
28,兵庫県,28111,神戸市西区,兵庫県神戸市西区
28,兵庫県,28201,姫路市,兵庫県姫路市
28,兵庫県,28202,尼崎市,兵庫県尼崎市
28,兵庫県,28203,明石市,兵庫県明石市
28,兵庫県,28204,西宮市,兵庫県西宮市
28,兵庫県,28205,洲本市,兵庫県洲本市
28,兵庫県,28206,芦屋市,兵庫県芦屋市
28,兵庫県,28207,伊丹市,兵庫県伊丹市
28,兵庫県,28208,相生市,兵庫県相生市
28,兵庫県,28209,豊岡市,兵庫県豊岡市
28,兵庫県,28210,加古川市,兵庫県加古川市
28,兵庫県,28212,赤穂市,兵庫県赤穂市
28,兵庫県,28213,西脇市,兵庫県西脇市
28,兵庫県,28214,宝塚市,兵庫県宝塚市
28,兵庫県,28215,三木市,兵庫県三木市
28,兵庫県,28216,高砂市,兵庫県高砂市
28,兵庫県,28217,川西市,兵庫県川西市
28,兵庫県,28218,小野市,兵庫県小野市
28,兵庫県,28219,三田市,兵庫県三田市
28,兵庫県,28220,加西市,兵庫県加西市
28,兵庫県,28221,丹波篠山市,兵庫県丹波篠山市
28,兵庫県,28222,養父市,兵庫県養父市
28,兵庫県,28223,丹波市,兵庫県丹波市
28,兵庫県,28224,南あわじ市,兵庫県南あわじ市
28,兵庫県,28225,朝来市,兵庫県朝来市
28,兵庫県,28226,淡路市,兵庫県淡路市
28,兵庫県,28227,宍粟市,兵庫県宍粟市
28,兵庫県,28228,加東市,兵庫県加東市
28,兵庫県,28229,たつの市,兵庫県たつの市
28,兵庫県,28301,川辺郡猪名川町,兵庫県川辺郡猪名川町
28,兵庫県,28365,多可郡多可町,兵庫県多可郡多可町
28,兵庫県,28381,加古郡稲美町,兵庫県加古郡稲美町
28,兵庫県,28382,加古郡播磨町,兵庫県加古郡播磨町
28,兵庫県,28442,神崎郡市川町,兵庫県神崎郡市川町
28,兵庫県,28443,神崎郡福崎町,兵庫県神崎郡福崎町
28,兵庫県,28446,神崎郡神河町,兵庫県神崎郡神河町
28,兵庫県,28464,揖保郡太子町,兵庫県揖保郡太子町
28,兵庫県,28481,赤穂郡上郡町,兵庫県赤穂郡上郡町
28,兵庫県,28501,佐用郡佐用町,兵庫県佐用郡佐用町
28,兵庫県,28585,美方郡香美町,兵庫県美方郡香美町
28,兵庫県,28586,美方郡新温泉町,兵庫県美方郡新温泉町
29,奈良県,29201,奈良市,奈良県奈良市
29,奈良県,29202,大和高田市,奈良県大和高田市
29,奈良県,29203,大和郡山市,奈良県大和郡山市
29,奈良県,29204,天理市,奈良県天理市
29,奈良県,29205,橿原市,奈良県橿原市
29,奈良県,29206,桜井市,奈良県桜井市
29,奈良県,29207,五條市,奈良県五條市
29,奈良県,29208,御所市,奈良県御所市
29,奈良県,29209,生駒市,奈良県生駒市
29,奈良県,29210,香芝市,奈良県香芝市
29,奈良県,29211,葛城市,奈良県葛城市
29,奈良県,29212,宇陀市,奈良県宇陀市
29,奈良県,29322,山辺郡山添村,奈良県山辺郡山添村
29,奈良県,29342,生駒郡平群町,奈良県生駒郡平群町
29,奈良県,29343,生駒郡三郷町,奈良県生駒郡三郷町
29,奈良県,29344,生駒郡斑鳩町,奈良県生駒郡斑鳩町
29,奈良県,29345,生駒郡安堵町,奈良県生駒郡安堵町
29,奈良県,29361,磯城郡川西町,奈良県磯城郡川西町
29,奈良県,29362,磯城郡三宅町,奈良県磯城郡三宅町
29,奈良県,29363,磯城郡田原本町,奈良県磯城郡田原本町
29,奈良県,29385,宇陀郡曽爾村,奈良県宇陀郡曽爾村
29,奈良県,29386,宇陀郡御杖村,奈良県宇陀郡御杖村
29,奈良県,29401,高市郡高取町,奈良県高市郡高取町
29,奈良県,29402,高市郡明日香村,奈良県高市郡明日香村
29,奈良県,29424,北葛城郡上牧町,奈良県北葛城郡上牧町
29,奈良県,29425,北葛城郡王寺町,奈良県北葛城郡王寺町
29,奈良県,29426,北葛城郡広陵町,奈良県北葛城郡広陵町
29,奈良県,29427,北葛城郡河合町,奈良県北葛城郡河合町
29,奈良県,29441,吉野郡吉野町,奈良県吉野郡吉野町
29,奈良県,29442,吉野郡大淀町,奈良県吉野郡大淀町
29,奈良県,29443,吉野郡下市町,奈良県吉野郡下市町
29,奈良県,29444,吉野郡黒滝村,奈良県吉野郡黒滝村
29,奈良県,29446,吉野郡天川村,奈良県吉野郡天川村
29,奈良県,29447,吉野郡野迫川村,奈良県吉野郡野迫川村
29,奈良県,29449,吉野郡十津川村,奈良県吉野郡十津川村
29,奈良県,29450,吉野郡下北山村,奈良県吉野郡下北山村
29,奈良県,29451,吉野郡上北山村,奈良県吉野郡上北山村
29,奈良県,29452,吉野郡川上村,奈良県吉野郡川上村
29,奈良県,29453,吉野郡東吉野村,奈良県吉野郡東吉野村
30,和歌山県,30201,和歌山市,和歌山県和歌山市
30,和歌山県,30202,海南市,和歌山県海南市
30,和歌山県,30203,橋本市,和歌山県橋本市
30,和歌山県,30204,有田市,和歌山県有田市
30,和歌山県,30205,御坊市,和歌山県御坊市
30,和歌山県,30206,田辺市,和歌山県田辺市
30,和歌山県,30207,新宮市,和歌山県新宮市
30,和歌山県,30208,紀の川市,和歌山県紀の川市
30,和歌山県,30209,岩出市,和歌山県岩出市
30,和歌山県,30304,海草郡紀美野町,和歌山県海草郡紀美野町
30,和歌山県,30341,伊都郡かつらぎ町,和歌山県伊都郡かつらぎ町
30,和歌山県,30343,伊都郡九度山町,和歌山県伊都郡九度山町
30,和歌山県,30344,伊都郡高野町,和歌山県伊都郡高野町
30,和歌山県,30361,有田郡湯浅町,和歌山県有田郡湯浅町
30,和歌山県,30362,有田郡広川町,和歌山県有田郡広川町
30,和歌山県,30366,有田郡有田川町,和歌山県有田郡有田川町
30,和歌山県,30381,日高郡美浜町,和歌山県日高郡美浜町
30,和歌山県,30382,日高郡日高町,和歌山県日高郡日高町
30,和歌山県,30383,日高郡由良町,和歌山県日高郡由良町
30,和歌山県,30390,日高郡印南町,和歌山県日高郡印南町
30,和歌山県,30391,日高郡みなべ町,和歌山県日高郡みなべ町
30,和歌山県,30392,日高郡日高川町,和歌山県日高郡日高川町
30,和歌山県,30401,西牟婁郡白浜町,和歌山県西牟婁郡白浜町
30,和歌山県,30404,西牟婁郡上富田町,和歌山県西牟婁郡上富田町
30,和歌山県,30406,西牟婁郡すさみ町,和歌山県西牟婁郡すさみ町
30,和歌山県,30421,東牟婁郡那智勝浦町,和歌山県東牟婁郡那智勝浦町
30,和歌山県,30422,東牟婁郡太地町,和歌山県東牟婁郡太地町
30,和歌山県,30424,東牟婁郡古座川町,和歌山県東牟婁郡古座川町
30,和歌山県,30427,東牟婁郡北山村,和歌山県東牟婁郡北山村
30,和歌山県,30428,東牟婁郡串本町,和歌山県東牟婁郡串本町
31,鳥取県,31201,鳥取市,鳥取県鳥取市
31,鳥取県,31202,米子市,鳥取県米子市
31,鳥取県,31203,倉吉市,鳥取県倉吉市
31,鳥取県,31204,境港市,鳥取県境港市
31,鳥取県,31302,岩美郡岩美町,鳥取県岩美郡岩美町
31,鳥取県,31325,八頭郡若桜町,鳥取県八頭郡若桜町
31,鳥取県,31328,八頭郡智頭町,鳥取県八頭郡智頭町
31,鳥取県,31329,八頭郡八頭町,鳥取県八頭郡八頭町
31,鳥取県,31364,東伯郡三朝町,鳥取県東伯郡三朝町
31,鳥取県,31370,東伯郡湯梨浜町,鳥取県東伯郡湯梨浜町
31,鳥取県,31371,東伯郡琴浦町,鳥取県東伯郡琴浦町
31,鳥取県,31372,東伯郡北栄町,鳥取県東伯郡北栄町
31,鳥取県,31384,西伯郡日吉津村,鳥取県西伯郡日吉津村
31,鳥取県,31386,西伯郡大山町,鳥取県西伯郡大山町
31,鳥取県,31389,西伯郡南部町,鳥取県西伯郡南部町
31,鳥取県,31390,西伯郡伯耆町,鳥取県西伯郡伯耆町
31,鳥取県,31401,日野郡日南町,鳥取県日野郡日南町
31,鳥取県,31402,日野郡日野町,鳥取県日野郡日野町
31,鳥取県,31403,日野郡江府町,鳥取県日野郡江府町
32,島根県,32201,松江市,島根県松江市
32,島根県,32202,浜田市,島根県浜田市
32,島根県,32203,出雲市,島根県出雲市
32,島根県,32204,益田市,島根県益田市
32,島根県,32205,大田市,島根県大田市
32,島根県,32206,安来市,島根県安来市
32,島根県,32207,江津市,島根県江津市
32,島根県,32209,雲南市,島根県雲南市
32,島根県,32343,仁多郡奥出雲町,島根県仁多郡奥出雲町
32,島根県,32386,飯石郡飯南町,島根県飯石郡飯南町
32,島根県,32441,邑智郡川本町,島根県邑智郡川本町
32,島根県,32448,邑智郡美郷町,島根県邑智郡美郷町
32,島根県,32449,邑智郡邑南町,島根県邑智郡邑南町
32,島根県,32501,鹿足郡津和野町,島根県鹿足郡津和野町
32,島根県,32505,鹿足郡吉賀町,島根県鹿足郡吉賀町
32,島根県,32525,隠岐郡海士町,島根県隠岐郡海士町
32,島根県,32526,隠岐郡西ノ島町,島根県隠岐郡西ノ島町
32,島根県,32527,隠岐郡知夫村,島根県隠岐郡知夫村
32,島根県,32528,隠岐郡隠岐の島町,島根県隠岐郡隠岐の島町
33,岡山県,33101,岡山市北区,岡山県岡山市北区
33,岡山県,33102,岡山市中区,岡山県岡山市中区
33,岡山県,33103,岡山市東区,岡山県岡山市東区
33,岡山県,33104,岡山市南区,岡山県岡山市南区
33,岡山県,33202,倉敷市,岡山県倉敷市
33,岡山県,33203,津山市,岡山県津山市
33,岡山県,33204,玉野市,岡山県玉野市
33,岡山県,33205,笠岡市,岡山県笠岡市
33,岡山県,33207,井原市,岡山県井原市
33,岡山県,33208,総社市,岡山県総社市
33,岡山県,33209,高梁市,岡山県高梁市
33,岡山県,33210,新見市,岡山県新見市
33,岡山県,33211,備前市,岡山県備前市
33,岡山県,33212,瀬戸内市,岡山県瀬戸内市
33,岡山県,33213,赤磐市,岡山県赤磐市
33,岡山県,33214,真庭市,岡山県真庭市
33,岡山県,33215,美作市,岡山県美作市
33,岡山県,33216,浅口市,岡山県浅口市
33,岡山県,33346,和気郡和気町,岡山県和気郡和気町
33,岡山県,33423,都窪郡早島町,岡山県都窪郡早島町
33,岡山県,33445,浅口郡里庄町,岡山県浅口郡里庄町
33,岡山県,33461,小田郡矢掛町,岡山県小田郡矢掛町
33,岡山県,33586,真庭郡新庄村,岡山県真庭郡新庄村
33,岡山県,33606,苫田郡鏡野町,岡山県苫田郡鏡野町
33,岡山県,33622,勝田郡勝央町,岡山県勝田郡勝央町
33,岡山県,33623,勝田郡奈義町,岡山県勝田郡奈義町
33,岡山県,33643,英田郡西粟倉村,岡山県英田郡西粟倉村
33,岡山県,33663,久米郡久米南町,岡山県久米郡久米南町
33,岡山県,33666,久米郡美咲町,岡山県久米郡美咲町
33,岡山県,33681,加賀郡吉備中央町,岡山県加賀郡吉備中央町
34,広島県,34101,広島市中区,広島県広島市中区
34,広島県,34102,広島市東区,広島県広島市東区
34,広島県,34103,広島市南区,広島県広島市南区
34,広島県,34104,広島市西区,広島県広島市西区
34,広島県,34105,広島市安佐南区,広島県広島市安佐南区
34,広島県,34106,広島市安佐北区,広島県広島市安佐北区
34,広島県,34107,広島市安芸区,広島県広島市安芸区
34,広島県,34108,広島市佐伯区,広島県広島市佐伯区
34,広島県,34202,呉市,広島県呉市
34,広島県,34203,竹原市,広島県竹原市
34,広島県,34204,三原市,広島県三原市
34,広島県,34205,尾道市,広島県尾道市
34,広島県,34207,福山市,広島県福山市
34,広島県,34208,府中市,広島県府中市
34,広島県,34209,三次市,広島県三次市
34,広島県,34210,庄原市,広島県庄原市
34,広島県,34211,大竹市,広島県大竹市
34,広島県,34212,東広島市,広島県東広島市
34,広島県,34213,廿日市市,広島県廿日市市
34,広島県,34214,安芸高田市,広島県安芸高田市
34,広島県,34215,江田島市,広島県江田島市
34,広島県,34302,安芸郡府中町,広島県安芸郡府中町
34,広島県,34304,安芸郡海田町,広島県安芸郡海田町
34,広島県,34307,安芸郡熊野町,広島県安芸郡熊野町
34,広島県,34309,安芸郡坂町,広島県安芸郡坂町
34,広島県,34368,山県郡安芸太田町,広島県山県郡安芸太田町
34,広島県,34369,山県郡北広島町,広島県山県郡北広島町
34,広島県,34431,豊田郡大崎上島町,広島県豊田郡大崎上島町
34,広島県,34462,世羅郡世羅町,広島県世羅郡世羅町
34,広島県,34545,神石郡神石高原町,広島県神石郡神石高原町
35,山口県,35201,下関市,山口県下関市
35,山口県,35202,宇部市,山口県宇部市
35,山口県,35203,山口市,山口県山口市
35,山口県,35204,萩市,山口県萩市
35,山口県,35206,防府市,山口県防府市
35,山口県,35207,下松市,山口県下松市
35,山口県,35208,岩国市,山口県岩国市
35,山口県,35210,光市,山口県光市
35,山口県,35211,長門市,山口県長門市
35,山口県,35212,柳井市,山口県柳井市
35,山口県,35213,美祢市,山口県美祢市
35,山口県,35215,周南市,山口県周南市
35,山口県,35216,山陽小野田市,山口県山陽小野田市
35,山口県,35305,大島郡周防大島町,山口県大島郡周防大島町
35,山口県,35321,玖珂郡和木町,山口県玖珂郡和木町
35,山口県,35341,熊毛郡上関町,山口県熊毛郡上関町
35,山口県,35343,熊毛郡田布施町,山口県熊毛郡田布施町
35,山口県,35344,熊毛郡平生町,山口県熊毛郡平生町
35,山口県,35502,阿武郡阿武町,山口県阿武郡阿武町
36,徳島県,36201,徳島市,徳島県徳島市
36,徳島県,36202,鳴門市,徳島県鳴門市
36,徳島県,36203,小松島市,徳島県小松島市
36,徳島県,36204,阿南市,徳島県阿南市
36,徳島県,36205,吉野川市,徳島県吉野川市
36,徳島県,36206,阿波市,徳島県阿波市
36,徳島県,36207,美馬市,徳島県美馬市
36,徳島県,36208,三好市,徳島県三好市
36,徳島県,36301,勝浦郡勝浦町,徳島県勝浦郡勝浦町
36,徳島県,36302,勝浦郡上勝町,徳島県勝浦郡上勝町
36,徳島県,36321,名東郡佐那河内村,徳島県名東郡佐那河内村
36,徳島県,36341,名西郡石井町,徳島県名西郡石井町
36,徳島県,36342,名西郡神山町,徳島県名西郡神山町
36,徳島県,36368,那賀郡那賀町,徳島県那賀郡那賀町
36,徳島県,36383,海部郡牟岐町,徳島県海部郡牟岐町
36,徳島県,36387,海部郡美波町,徳島県海部郡美波町
36,徳島県,36388,海部郡海陽町,徳島県海部郡海陽町
36,徳島県,36401,板野郡松茂町,徳島県板野郡松茂町
36,徳島県,36402,板野郡北島町,徳島県板野郡北島町
36,徳島県,36403,板野郡藍住町,徳島県板野郡藍住町
36,徳島県,36404,板野郡板野町,徳島県板野郡板野町
36,徳島県,36405,板野郡上板町,徳島県板野郡上板町
36,徳島県,36468,美馬郡つるぎ町,徳島県美馬郡つるぎ町
36,徳島県,36489,三好郡東みよし町,徳島県三好郡東みよし町
37,香川県,37201,高松市,香川県高松市
37,香川県,37202,丸亀市,香川県丸亀市
37,香川県,37203,坂出市,香川県坂出市
37,香川県,37204,善通寺市,香川県善通寺市
37,香川県,37205,観音寺市,香川県観音寺市
37,香川県,37206,さぬき市,香川県さぬき市
37,香川県,37207,東かがわ市,香川県東かがわ市
37,香川県,37208,三豊市,香川県三豊市
37,香川県,37322,小豆郡土庄町,香川県小豆郡土庄町
37,香川県,37324,小豆郡小豆島町,香川県小豆郡小豆島町
37,香川県,37341,木田郡三木町,香川県木田郡三木町
37,香川県,37364,香川郡直島町,香川県香川郡直島町
37,香川県,37386,綾歌郡宇多津町,香川県綾歌郡宇多津町
37,香川県,37387,綾歌郡綾川町,香川県綾歌郡綾川町
37,香川県,37403,仲多度郡琴平町,香川県仲多度郡琴平町
37,香川県,37404,仲多度郡多度津町,香川県仲多度郡多度津町
37,香川県,37406,仲多度郡まんのう町,香川県仲多度郡まんのう町
38,愛媛県,38201,松山市,愛媛県松山市
38,愛媛県,38202,今治市,愛媛県今治市
38,愛媛県,38203,宇和島市,愛媛県宇和島市
38,愛媛県,38204,八幡浜市,愛媛県八幡浜市
38,愛媛県,38205,新居浜市,愛媛県新居浜市
38,愛媛県,38206,西条市,愛媛県西条市
38,愛媛県,38207,大洲市,愛媛県大洲市
38,愛媛県,38210,伊予市,愛媛県伊予市
38,愛媛県,38213,四国中央市,愛媛県四国中央市
38,愛媛県,38214,西予市,愛媛県西予市
38,愛媛県,38215,東温市,愛媛県東温市
38,愛媛県,38356,越智郡上島町,愛媛県越智郡上島町
38,愛媛県,38386,上浮穴郡久万高原町,愛媛県上浮穴郡久万高原町
38,愛媛県,38401,伊予郡松前町,愛媛県伊予郡松前町
38,愛媛県,38402,伊予郡砥部町,愛媛県伊予郡砥部町
38,愛媛県,38422,喜多郡内子町,愛媛県喜多郡内子町
38,愛媛県,38442,西宇和郡伊方町,愛媛県西宇和郡伊方町
38,愛媛県,38484,北宇和郡松野町,愛媛県北宇和郡松野町
38,愛媛県,38488,北宇和郡鬼北町,愛媛県北宇和郡鬼北町
38,愛媛県,38506,南宇和郡愛南町,愛媛県南宇和郡愛南町
39,高知県,39201,高知市,高知県高知市
39,高知県,39202,室戸市,高知県室戸市
39,高知県,39203,安芸市,高知県安芸市
39,高知県,39204,南国市,高知県南国市
39,高知県,39205,土佐市,高知県土佐市
39,高知県,39206,須崎市,高知県須崎市
39,高知県,39208,宿毛市,高知県宿毛市
39,高知県,39209,土佐清水市,高知県土佐清水市
39,高知県,39210,四万十市,高知県四万十市
39,高知県,39211,香南市,高知県香南市
39,高知県,39212,香美市,高知県香美市
39,高知県,39301,安芸郡東洋町,高知県安芸郡東洋町
39,高知県,39302,安芸郡奈半利町,高知県安芸郡奈半利町
39,高知県,39303,安芸郡田野町,高知県安芸郡田野町
39,高知県,39304,安芸郡安田町,高知県安芸郡安田町
39,高知県,39305,安芸郡北川村,高知県安芸郡北川村
39,高知県,39306,安芸郡馬路村,高知県安芸郡馬路村
39,高知県,39307,安芸郡芸西村,高知県安芸郡芸西村
39,高知県,39341,長岡郡本山町,高知県長岡郡本山町
39,高知県,39344,長岡郡大豊町,高知県長岡郡大豊町
39,高知県,39363,土佐郡土佐町,高知県土佐郡土佐町
39,高知県,39364,土佐郡大川村,高知県土佐郡大川村
39,高知県,39386,吾川郡いの町,高知県吾川郡いの町
39,高知県,39387,吾川郡仁淀川町,高知県吾川郡仁淀川町
39,高知県,39401,高岡郡中土佐町,高知県高岡郡中土佐町
39,高知県,39402,高岡郡佐川町,高知県高岡郡佐川町
39,高知県,39403,高岡郡越知町,高知県高岡郡越知町
39,高知県,39405,高岡郡檮原町,高知県高岡郡檮原町
39,高知県,39410,高岡郡日高村,高知県高岡郡日高村
39,高知県,39411,高岡郡津野町,高知県高岡郡津野町
39,高知県,39412,高岡郡四万十町,高知県高岡郡四万十町
39,高知県,39424,幡多郡大月町,高知県幡多郡大月町
39,高知県,39427,幡多郡三原村,高知県幡多郡三原村
39,高知県,39428,幡多郡黒潮町,高知県幡多郡黒潮町
40,福岡県,40101,北九州市門司区,福岡県北九州市門司区
40,福岡県,40103,北九州市若松区,福岡県北九州市若松区
40,福岡県,40105,北九州市戸畑区,福岡県北九州市戸畑区
40,福岡県,40106,北九州市小倉北区,福岡県北九州市小倉北区
40,福岡県,40107,北九州市小倉南区,福岡県北九州市小倉南区
40,福岡県,40108,北九州市八幡東区,福岡県北九州市八幡東区
40,福岡県,40109,北九州市八幡西区,福岡県北九州市八幡西区
40,福岡県,40131,福岡市東区,福岡県福岡市東区
40,福岡県,40132,福岡市博多区,福岡県福岡市博多区
40,福岡県,40133,福岡市中央区,福岡県福岡市中央区
40,福岡県,40134,福岡市南区,福岡県福岡市南区
40,福岡県,40135,福岡市西区,福岡県福岡市西区
40,福岡県,40136,福岡市城南区,福岡県福岡市城南区
40,福岡県,40137,福岡市早良区,福岡県福岡市早良区
40,福岡県,40202,大牟田市,福岡県大牟田市
40,福岡県,40203,久留米市,福岡県久留米市
40,福岡県,40204,直方市,福岡県直方市
40,福岡県,40205,飯塚市,福岡県飯塚市
40,福岡県,40206,田川市,福岡県田川市
40,福岡県,40207,柳川市,福岡県柳川市
40,福岡県,40210,八女市,福岡県八女市
40,福岡県,40211,筑後市,福岡県筑後市
40,福岡県,40212,大川市,福岡県大川市
40,福岡県,40213,行橋市,福岡県行橋市
40,福岡県,40214,豊前市,福岡県豊前市
40,福岡県,40215,中間市,福岡県中間市
40,福岡県,40216,小郡市,福岡県小郡市
40,福岡県,40217,筑紫野市,福岡県筑紫野市
40,福岡県,40218,春日市,福岡県春日市
40,福岡県,40219,大野城市,福岡県大野城市
40,福岡県,40220,宗像市,福岡県宗像市
40,福岡県,40221,太宰府市,福岡県太宰府市
40,福岡県,40223,古賀市,福岡県古賀市
40,福岡県,40224,福津市,福岡県福津市
40,福岡県,40225,うきは市,福岡県うきは市
40,福岡県,40226,宮若市,福岡県宮若市
40,福岡県,40227,嘉麻市,福岡県嘉麻市
40,福岡県,40228,朝倉市,福岡県朝倉市
40,福岡県,40229,みやま市,福岡県みやま市
40,福岡県,40230,糸島市,福岡県糸島市
40,福岡県,40231,那珂川市,福岡県那珂川市
40,福岡県,40341,糟屋郡宇美町,福岡県糟屋郡宇美町
40,福岡県,40342,糟屋郡篠栗町,福岡県糟屋郡篠栗町
40,福岡県,40343,糟屋郡志免町,福岡県糟屋郡志免町
40,福岡県,40344,糟屋郡須惠町,福岡県糟屋郡須惠町
40,福岡県,40345,糟屋郡新宮町,福岡県糟屋郡新宮町
40,福岡県,40348,糟屋郡久山町,福岡県糟屋郡久山町
40,福岡県,40349,糟屋郡粕屋町,福岡県糟屋郡粕屋町
40,福岡県,40381,遠賀郡芦屋町,福岡県遠賀郡芦屋町
40,福岡県,40382,遠賀郡水巻町,福岡県遠賀郡水巻町
40,福岡県,40383,遠賀郡岡垣町,福岡県遠賀郡岡垣町
40,福岡県,40384,遠賀郡遠賀町,福岡県遠賀郡遠賀町
40,福岡県,40401,鞍手郡小竹町,福岡県鞍手郡小竹町
40,福岡県,40402,鞍手郡鞍手町,福岡県鞍手郡鞍手町
40,福岡県,40421,嘉穂郡桂川町,福岡県嘉穂郡桂川町
40,福岡県,40447,朝倉郡筑前町,福岡県朝倉郡筑前町
40,福岡県,40448,朝倉郡東峰村,福岡県朝倉郡東峰村
40,福岡県,40503,三井郡大刀洗町,福岡県三井郡大刀洗町
40,福岡県,40522,三潴郡大木町,福岡県三潴郡大木町
40,福岡県,40544,八女郡広川町,福岡県八女郡広川町
40,福岡県,40601,田川郡香春町,福岡県田川郡香春町
40,福岡県,40602,田川郡添田町,福岡県田川郡添田町
40,福岡県,40604,田川郡糸田町,福岡県田川郡糸田町
40,福岡県,40605,田川郡川崎町,福岡県田川郡川崎町
40,福岡県,40608,田川郡大任町,福岡県田川郡大任町
40,福岡県,40609,田川郡赤村,福岡県田川郡赤村
40,福岡県,40610,田川郡福智町,福岡県田川郡福智町
40,福岡県,40621,京都郡苅田町,福岡県京都郡苅田町
40,福岡県,40625,京都郡みやこ町,福岡県京都郡みやこ町
40,福岡県,40642,築上郡吉富町,福岡県築上郡吉富町
40,福岡県,40646,築上郡上毛町,福岡県築上郡上毛町
40,福岡県,40647,築上郡築上町,福岡県築上郡築上町
41,佐賀県,41201,佐賀市,佐賀県佐賀市
41,佐賀県,41202,唐津市,佐賀県唐津市
41,佐賀県,41203,鳥栖市,佐賀県鳥栖市
41,佐賀県,41204,多久市,佐賀県多久市
41,佐賀県,41205,伊万里市,佐賀県伊万里市
41,佐賀県,41206,武雄市,佐賀県武雄市
41,佐賀県,41207,鹿島市,佐賀県鹿島市
41,佐賀県,41208,小城市,佐賀県小城市
41,佐賀県,41209,嬉野市,佐賀県嬉野市
41,佐賀県,41210,神埼市,佐賀県神埼市
41,佐賀県,41327,神埼郡吉野ヶ里町,佐賀県神埼郡吉野ヶ里町
41,佐賀県,41341,三養基郡基山町,佐賀県三養基郡基山町
41,佐賀県,41345,三養基郡上峰町,佐賀県三養基郡上峰町
41,佐賀県,41346,三養基郡みやき町,佐賀県三養基郡みやき町
41,佐賀県,41387,東松浦郡玄海町,佐賀県東松浦郡玄海町
41,佐賀県,41401,西松浦郡有田町,佐賀県西松浦郡有田町
41,佐賀県,41423,杵島郡大町町,佐賀県杵島郡大町町
41,佐賀県,41424,杵島郡江北町,佐賀県杵島郡江北町
41,佐賀県,41425,杵島郡白石町,佐賀県杵島郡白石町
41,佐賀県,41441,藤津郡太良町,佐賀県藤津郡太良町
42,長崎県,42201,長崎市,長崎県長崎市
42,長崎県,42202,佐世保市,長崎県佐世保市
42,長崎県,42203,島原市,長崎県島原市
42,長崎県,42204,諫早市,長崎県諫早市
42,長崎県,42205,大村市,長崎県大村市
42,長崎県,42207,平戸市,長崎県平戸市
42,長崎県,42208,松浦市,長崎県松浦市
42,長崎県,42209,対馬市,長崎県対馬市
42,長崎県,42210,壱岐市,長崎県壱岐市
42,長崎県,42211,五島市,長崎県五島市
42,長崎県,42212,西海市,長崎県西海市
42,長崎県,42213,雲仙市,長崎県雲仙市
42,長崎県,42214,南島原市,長崎県南島原市
42,長崎県,42307,西彼杵郡長与町,長崎県西彼杵郡長与町
42,長崎県,42308,西彼杵郡時津町,長崎県西彼杵郡時津町
42,長崎県,42321,東彼杵郡東彼杵町,長崎県東彼杵郡東彼杵町
42,長崎県,42322,東彼杵郡川棚町,長崎県東彼杵郡川棚町
42,長崎県,42323,東彼杵郡波佐見町,長崎県東彼杵郡波佐見町
42,長崎県,42383,北松浦郡小値賀町,長崎県北松浦郡小値賀町
42,長崎県,42391,北松浦郡佐々町,長崎県北松浦郡佐々町
42,長崎県,42411,南松浦郡新上五島町,長崎県南松浦郡新上五島町
43,熊本県,43101,熊本市中央区,熊本県熊本市中央区
43,熊本県,43102,熊本市東区,熊本県熊本市東区
43,熊本県,43103,熊本市西区,熊本県熊本市西区
43,熊本県,43104,熊本市南区,熊本県熊本市南区
43,熊本県,43105,熊本市北区,熊本県熊本市北区
43,熊本県,43202,八代市,熊本県八代市
43,熊本県,43203,人吉市,熊本県人吉市
43,熊本県,43204,荒尾市,熊本県荒尾市
43,熊本県,43205,水俣市,熊本県水俣市
43,熊本県,43206,玉名市,熊本県玉名市
43,熊本県,43208,山鹿市,熊本県山鹿市
43,熊本県,43210,菊池市,熊本県菊池市
43,熊本県,43211,宇土市,熊本県宇土市
43,熊本県,43212,上天草市,熊本県上天草市
43,熊本県,43213,宇城市,熊本県宇城市
43,熊本県,43214,阿蘇市,熊本県阿蘇市
43,熊本県,43215,天草市,熊本県天草市
43,熊本県,43216,合志市,熊本県合志市
43,熊本県,43348,下益城郡美里町,熊本県下益城郡美里町
43,熊本県,43364,玉名郡玉東町,熊本県玉名郡玉東町
43,熊本県,43367,玉名郡南関町,熊本県玉名郡南関町
43,熊本県,43368,玉名郡長洲町,熊本県玉名郡長洲町
43,熊本県,43369,玉名郡和水町,熊本県玉名郡和水町
43,熊本県,43403,菊池郡大津町,熊本県菊池郡大津町
43,熊本県,43404,菊池郡菊陽町,熊本県菊池郡菊陽町
43,熊本県,43423,阿蘇郡南小国町,熊本県阿蘇郡南小国町
43,熊本県,43424,阿蘇郡小国町,熊本県阿蘇郡小国町
43,熊本県,43425,阿蘇郡産山村,熊本県阿蘇郡産山村
43,熊本県,43428,阿蘇郡高森町,熊本県阿蘇郡高森町
43,熊本県,43432,阿蘇郡西原村,熊本県阿蘇郡西原村
43,熊本県,43433,阿蘇郡南阿蘇村,熊本県阿蘇郡南阿蘇村
43,熊本県,43441,上益城郡御船町,熊本県上益城郡御船町
43,熊本県,43442,上益城郡嘉島町,熊本県上益城郡嘉島町
43,熊本県,43443,上益城郡益城町,熊本県上益城郡益城町
43,熊本県,43444,上益城郡甲佐町,熊本県上益城郡甲佐町
43,熊本県,43447,上益城郡山都町,熊本県上益城郡山都町
43,熊本県,43468,八代郡氷川町,熊本県八代郡氷川町
43,熊本県,43482,葦北郡芦北町,熊本県葦北郡芦北町
43,熊本県,43484,葦北郡津奈木町,熊本県葦北郡津奈木町
43,熊本県,43501,球磨郡錦町,熊本県球磨郡錦町
43,熊本県,43505,球磨郡多良木町,熊本県球磨郡多良木町
43,熊本県,43506,球磨郡湯前町,熊本県球磨郡湯前町
43,熊本県,43507,球磨郡水上村,熊本県球磨郡水上村
43,熊本県,43510,球磨郡相良村,熊本県球磨郡相良村
43,熊本県,43511,球磨郡五木村,熊本県球磨郡五木村
43,熊本県,43512,球磨郡山江村,熊本県球磨郡山江村
43,熊本県,43513,球磨郡球磨村,熊本県球磨郡球磨村
43,熊本県,43514,球磨郡あさぎり町,熊本県球磨郡あさぎり町
43,熊本県,43531,天草郡苓北町,熊本県天草郡苓北町
44,大分県,44201,大分市,大分県大分市
44,大分県,44202,別府市,大分県別府市
44,大分県,44203,中津市,大分県中津市
44,大分県,44204,日田市,大分県日田市
44,大分県,44205,佐伯市,大分県佐伯市
44,大分県,44206,臼杵市,大分県臼杵市
44,大分県,44207,津久見市,大分県津久見市
44,大分県,44208,竹田市,大分県竹田市
44,大分県,44209,豊後高田市,大分県豊後高田市
44,大分県,44210,杵築市,大分県杵築市
44,大分県,44211,宇佐市,大分県宇佐市
44,大分県,44212,豊後大野市,大分県豊後大野市
44,大分県,44213,由布市,大分県由布市
44,大分県,44214,国東市,大分県国東市
44,大分県,44322,東国東郡姫島村,大分県東国東郡姫島村
44,大分県,44341,速見郡日出町,大分県速見郡日出町
44,大分県,44461,玖珠郡九重町,大分県玖珠郡九重町
44,大分県,44462,玖珠郡玖珠町,大分県玖珠郡玖珠町
45,宮崎県,45201,宮崎市,宮崎県宮崎市
45,宮崎県,45202,都城市,宮崎県都城市
45,宮崎県,45203,延岡市,宮崎県延岡市
45,宮崎県,45204,日南市,宮崎県日南市
45,宮崎県,45205,小林市,宮崎県小林市
45,宮崎県,45206,日向市,宮崎県日向市
45,宮崎県,45207,串間市,宮崎県串間市
45,宮崎県,45208,西都市,宮崎県西都市
45,宮崎県,45209,えびの市,宮崎県えびの市
45,宮崎県,45341,北諸県郡三股町,宮崎県北諸県郡三股町
45,宮崎県,45361,西諸県郡高原町,宮崎県西諸県郡高原町
45,宮崎県,45382,東諸県郡国富町,宮崎県東諸県郡国富町
45,宮崎県,45383,東諸県郡綾町,宮崎県東諸県郡綾町
45,宮崎県,45401,児湯郡高鍋町,宮崎県児湯郡高鍋町
45,宮崎県,45402,児湯郡新富町,宮崎県児湯郡新富町
45,宮崎県,45403,児湯郡西米良村,宮崎県児湯郡西米良村
45,宮崎県,45404,児湯郡木城町,宮崎県児湯郡木城町
45,宮崎県,45405,児湯郡川南町,宮崎県児湯郡川南町
45,宮崎県,45406,児湯郡都農町,宮崎県児湯郡都農町
45,宮崎県,45421,東臼杵郡門川町,宮崎県東臼杵郡門川町
45,宮崎県,45429,東臼杵郡諸塚村,宮崎県東臼杵郡諸塚村
45,宮崎県,45430,東臼杵郡椎葉村,宮崎県東臼杵郡椎葉村
45,宮崎県,45431,東臼杵郡美郷町,宮崎県東臼杵郡美郷町
45,宮崎県,45441,西臼杵郡高千穂町,宮崎県西臼杵郡高千穂町
45,宮崎県,45442,西臼杵郡日之影町,宮崎県西臼杵郡日之影町
45,宮崎県,45443,西臼杵郡五ヶ瀬町,宮崎県西臼杵郡五ヶ瀬町
46,鹿児島県,46201,鹿児島市,鹿児島県鹿児島市
46,鹿児島県,46203,鹿屋市,鹿児島県鹿屋市
46,鹿児島県,46204,枕崎市,鹿児島県枕崎市
46,鹿児島県,46206,阿久根市,鹿児島県阿久根市
46,鹿児島県,46208,出水市,鹿児島県出水市
46,鹿児島県,46210,指宿市,鹿児島県指宿市
46,鹿児島県,46213,西之表市,鹿児島県西之表市
46,鹿児島県,46214,垂水市,鹿児島県垂水市
46,鹿児島県,46215,薩摩川内市,鹿児島県薩摩川内市
46,鹿児島県,46216,日置市,鹿児島県日置市
46,鹿児島県,46217,曽於市,鹿児島県曽於市
46,鹿児島県,46218,霧島市,鹿児島県霧島市
46,鹿児島県,46219,いちき串木野市,鹿児島県いちき串木野市
46,鹿児島県,46220,南さつま市,鹿児島県南さつま市
46,鹿児島県,46221,志布志市,鹿児島県志布志市
46,鹿児島県,46222,奄美市,鹿児島県奄美市
46,鹿児島県,46223,南九州市,鹿児島県南九州市
46,鹿児島県,46224,伊佐市,鹿児島県伊佐市
46,鹿児島県,46225,姶良市,鹿児島県姶良市
46,鹿児島県,46303,鹿児島郡三島村,鹿児島県鹿児島郡三島村
46,鹿児島県,46304,鹿児島郡十島村,鹿児島県鹿児島郡十島村
46,鹿児島県,46392,薩摩郡さつま町,鹿児島県薩摩郡さつま町
46,鹿児島県,46404,出水郡長島町,鹿児島県出水郡長島町
46,鹿児島県,46452,姶良郡湧水町,鹿児島県姶良郡湧水町
46,鹿児島県,46468,曽於郡大崎町,鹿児島県曽於郡大崎町
46,鹿児島県,46482,肝属郡東串良町,鹿児島県肝属郡東串良町
46,鹿児島県,46490,肝属郡錦江町,鹿児島県肝属郡錦江町
46,鹿児島県,46491,肝属郡南大隅町,鹿児島県肝属郡南大隅町
46,鹿児島県,46492,肝属郡肝付町,鹿児島県肝属郡肝付町
46,鹿児島県,46501,熊毛郡中種子町,鹿児島県熊毛郡中種子町
46,鹿児島県,46502,熊毛郡南種子町,鹿児島県熊毛郡南種子町
46,鹿児島県,46505,熊毛郡屋久島町,鹿児島県熊毛郡屋久島町
46,鹿児島県,46523,大島郡大和村,鹿児島県大島郡大和村
46,鹿児島県,46524,大島郡宇検村,鹿児島県大島郡宇検村
46,鹿児島県,46525,大島郡瀬戸内町,鹿児島県大島郡瀬戸内町
46,鹿児島県,46527,大島郡龍郷町,鹿児島県大島郡龍郷町
46,鹿児島県,46529,大島郡喜界町,鹿児島県大島郡喜界町
46,鹿児島県,46530,大島郡徳之島町,鹿児島県大島郡徳之島町
46,鹿児島県,46531,大島郡天城町,鹿児島県大島郡天城町
46,鹿児島県,46532,大島郡伊仙町,鹿児島県大島郡伊仙町
46,鹿児島県,46533,大島郡和泊町,鹿児島県大島郡和泊町
46,鹿児島県,46534,大島郡知名町,鹿児島県大島郡知名町
46,鹿児島県,46535,大島郡与論町,鹿児島県大島郡与論町
47,沖縄県,47201,那覇市,沖縄県那覇市
47,沖縄県,47205,宜野湾市,沖縄県宜野湾市
47,沖縄県,47207,石垣市,沖縄県石垣市
47,沖縄県,47208,浦添市,沖縄県浦添市
47,沖縄県,47209,名護市,沖縄県名護市
47,沖縄県,47210,糸満市,沖縄県糸満市
47,沖縄県,47211,沖縄市,沖縄県沖縄市
47,沖縄県,47212,豊見城市,沖縄県豊見城市
47,沖縄県,47213,うるま市,沖縄県うるま市
47,沖縄県,47214,宮古島市,沖縄県宮古島市
47,沖縄県,47215,南城市,沖縄県南城市
47,沖縄県,47301,国頭郡国頭村,沖縄県国頭郡国頭村
47,沖縄県,47302,国頭郡大宜味村,沖縄県国頭郡大宜味村
47,沖縄県,47303,国頭郡東村,沖縄県国頭郡東村
47,沖縄県,47306,国頭郡今帰仁村,沖縄県国頭郡今帰仁村
47,沖縄県,47308,国頭郡本部町,沖縄県国頭郡本部町
47,沖縄県,47311,国頭郡恩納村,沖縄県国頭郡恩納村
47,沖縄県,47313,国頭郡宜野座村,沖縄県国頭郡宜野座村
47,沖縄県,47314,国頭郡金武町,沖縄県国頭郡金武町
47,沖縄県,47315,国頭郡伊江村,沖縄県国頭郡伊江村
47,沖縄県,47324,中頭郡読谷村,沖縄県中頭郡読谷村
47,沖縄県,47325,中頭郡嘉手納町,沖縄県中頭郡嘉手納町
47,沖縄県,47326,中頭郡北谷町,沖縄県中頭郡北谷町
47,沖縄県,47327,中頭郡北中城村,沖縄県中頭郡北中城村
47,沖縄県,47328,中頭郡中城村,沖縄県中頭郡中城村
47,沖縄県,47329,中頭郡西原町,沖縄県中頭郡西原町
47,沖縄県,47348,島尻郡与那原町,沖縄県島尻郡与那原町
47,沖縄県,47350,島尻郡南風原町,沖縄県島尻郡南風原町
47,沖縄県,47353,島尻郡渡嘉敷村,沖縄県島尻郡渡嘉敷村
47,沖縄県,47354,島尻郡座間味村,沖縄県島尻郡座間味村
47,沖縄県,47355,島尻郡粟国村,沖縄県島尻郡粟国村
47,沖縄県,47356,島尻郡渡名喜村,沖縄県島尻郡渡名喜村
47,沖縄県,47357,島尻郡南大東村,沖縄県島尻郡南大東村
47,沖縄県,47358,島尻郡北大東村,沖縄県島尻郡北大東村
47,沖縄県,47359,島尻郡伊平屋村,沖縄県島尻郡伊平屋村
47,沖縄県,47360,島尻郡伊是名村,沖縄県島尻郡伊是名村
47,沖縄県,47361,島尻郡久米島町,沖縄県島尻郡久米島町
47,沖縄県,47362,島尻郡八重瀬町,沖縄県島尻郡八重瀬町
47,沖縄県,47375,宮古郡多良間村,沖縄県宮古郡多良間村
47,沖縄県,47381,八重山郡竹富町,沖縄県八重山郡竹富町
47,沖縄県,47382,八重山郡与那国町,沖縄県八重山郡与那国町
